,imdbID,Title,Released,Country,Language,Rated,Runtime,Year,imdbRating,imdbVotes,tomatoConsensus,tomatoFresh,tomatoMeter,tomatoRating,tomatoReviews,tomatoRotten,tomatoUserMeter,tomatoUserRating,tomatoUserReviews,Nominated Oscars,Won Oscars,Other wins,Other nominations,Action,Adventure,Animation,Biography,Comedy,Crime,Documentary,Drama,Family,Fantasy,History,Horror,Music,Musical,Mystery,N/A,Romance,Sci-Fi,Sport,Thriller,War,Western,wiki_url_new,imdb_link_new,rt_link_new,budget_USD,box_USD,A_mean_age,A_mean_credit,D_mean_age,D_mean_credit,mean_rate
0,tt0369610,Jurassic World,2015-06-12 00:00:00,USA,English,PG-13,124.0,2015,7.2,314481,"Jurassic World can't match the original for sheer inventiveness and impact, but it works in its own right as an entertaining -- and visually dazzling -- popcorn thriller.",194.0,71.0,6.7,274.0,80.0,80.0,3.9,206851.0,0,0,0,0,True,True,False,False,False,False,False,False,False,False,False,False,False,False,False,False,False,True,False,False,False,False,/wiki/Jurassic_World,http://www.imdb.com/title/tt0369610/,http://www.rottentomatoes.com/m/jurassic_world/,,652198011.0,47.4329273438,73.0,38.7433264887,7.0,7.5
4,tt0470752,Ex Machina,2015-04-24 00:00:00,UK,English,R,108.0,2015,7.7,194256,"Ex Machina leans heavier on ideas than effects, but it's still a visually polished piece of work -- and an uncommonly engaging sci-fi feature.",199.0,92.0,8.0,216.0,17.0,85.0,4.0,61929.0,0,0,0,0,False,False,False,False,False,False,False,True,False,False,False,False,False,False,True,False,False,True,False,False,False,False,/wiki/Ex_Machina_(film),http://www.imdb.com/title/tt0470752/,http://www.rottentomatoes.com/m/ex_machina/,,25440971.0,31.5441331243,31.0,45.3086926762,2.0,7.85
7,tt0478970,Ant-Man,2015-07-17 00:00:00,USA,English,PG-13,117.0,2015,7.6,138824,"Led by a charming performance from Paul Rudd, Ant-Man offers Marvel thrills on an appropriately smaller scale -- albeit not as smoothly as its most successful predecessors.",197.0,79.0,6.8,248.0,51.0,88.0,4.1,148048.0,0,0,0,0,True,True,False,False,False,False,False,False,False,False,False,False,False,False,False,False,False,True,False,False,False,False,/wiki/Ant-Man_(film),http://www.imdb.com/title/tt0478970/,,,178636091.0,51.5163627246,67.3333333333,51.0362765229,26.0,7.9
10,tt0810819,The Danish Girl,2015-12-25 00:00:00,"UK, Germany, USA","English, German",R,120.0,2015,5.3,2539,,,,,,,,4.1,304.0,0,0,0,0,False,False,False,True,False,False,False,True,False,False,False,False,False,False,False,False,False,False,False,False,False,False,/wiki/The_Danish_Girl_(film),http://www.imdb.com/title/tt0810819/,http://www.rottentomatoes.com/m/The_Danish_Girl_2015/,,,30.3972299392,25.5,43.2306639288,18.0,6.75
12,tt0884732,The Wedding Ringer,2015-01-16 00:00:00,USA,English,R,101.0,2015,6.7,42323,"Kevin Hart and Josh Gad might be two great comedians that go great together, but there's little evidence of it on display in The Wedding Ringer.",25.0,27.0,4.3,93.0,68.0,65.0,3.6,39352.0,0,0,0,0,False,False,False,False,True,False,False,False,False,False,False,False,False,False,False,False,True,False,False,False,False,False,/wiki/The_Wedding_Ringer,http://www.imdb.com/title/tt0884732/,http://www.rottentomatoes.com/m/the_wedding_ringer/,,64460211.0,32.9536630905,56.3333333333,39.1293634497,5.0,6.95
15,tt0900387,Suite Fran√ßaise,1929-08-20 00:00:00,"UK, France, Canada, Belgium","English, German, French",,107.0,2014,6.8,6940,,23.0,77.0,6.0,30.0,7.0,,,,0,0,0,0,False,False,False,False,False,False,False,True,False,False,False,False,False,False,False,False,True,False,False,False,True,False,/wiki/Suite_Fran%C3%A7aise_(film),http://www.imdb.com/title/tt0900387/,http://www.rottentomatoes.com/m/suite_francaise/,,,-40.4330728436,46.3333333333,-38.3655030801,6.0,6.8
18,tt1014763,Child 44,2015-04-17 00:00:00,"USA, UK, Czech Republic, Romania, Russia",English,R,137.0,2015,6.4,28118,"There's a gripping story at the heart of Child 44 and a solid performance from Tom Hardy in the lead, but it all still adds up to a would-be thriller that lacks sufficient thrills.",18.0,25.0,4.7,71.0,53.0,43.0,3.1,11248.0,0,0,0,0,False,False,False,False,False,False,False,True,False,False,False,False,False,False,False,False,False,False,False,True,False,False,/wiki/Child_44_(film),http://www.imdb.com/title/tt1014763/,,,1206135.0,36.5883890237,44.0,38.0670773443,7.0,6.3
20,tt1018765,Our Brand Is Crisis,2015-10-30 00:00:00,USA,"English, Spanish",R,107.0,2015,5.6,1443,"Our Brand Is Crisis offers sporadic amusement and benefits from a talented cast, but ultimately lacks enough of a bite to add much of interest to the political satire genre.",37.0,33.0,5.3,113.0,76.0,43.0,3.1,5341.0,0,0,0,0,False,False,False,False,True,False,False,True,False,False,False,False,False,False,False,False,False,False,False,False,False,False,/wiki/Our_Brand_Is_Crisis_(2015_film),http://www.imdb.com/title/tt1018765/,http://www.rottentomatoes.com/m/our_brand_is_crisis_2016/,,,51.3553235178,62.6666666667,40.5585215606,18.0,5.9
23,tt1029360,Poltergeist,2015-05-22 00:00:00,"USA, Canada",English,PG-13,93.0,2015,5.0,32812,"Paying competent homage without adding anything of real value to the original Poltergeist, this remake proves just as ephemeral (but half as haunting) as its titular spirit.",32.0,31.0,4.8,102.0,70.0,23.0,2.5,35883.0,0,0,0,0,False,False,False,False,False,False,False,False,False,False,False,True,False,False,False,False,False,False,False,True,False,False,/wiki/Poltergeist_(2015_film),http://www.imdb.com/title/tt1029360/,http://www.rottentomatoes.com/m/poltergeist-2009/,,47415690.0,45.5901437372,62.5,38.5954825462,3.0,5.0
25,tt1137470,Accidental Love,2015-02-10 00:00:00,"USA, UK",English,PG-13,100.0,2015,4.1,3562,,2.0,7.0,3.2,29.0,27.0,16.0,2.0,4625.0,0,0,0,0,False,False,False,False,True,False,False,False,False,False,False,False,False,False,False,False,True,False,False,False,False,False,/wiki/Accidental_Love,http://www.imdb.com/title/tt1137470/,http://www.rottentomatoes.com/m/accidental_love/,,,31.6857175451,24.0,56.476386037,12.0,4.05
27,tt1178665,A Walk in the Woods,2015-09-02 00:00:00,USA,English,R,104.0,2015,6.5,3392,"Amiable yet less compelling than any road trip movie starring Robert Redford and Nick Nolte should be, A Walk in the Woods is ultimately a bit too pedestrian.",62.0,44.0,5.4,140.0,78.0,56.0,3.4,10027.0,0,0,0,0,False,True,False,False,True,False,False,True,False,False,False,False,False,False,False,False,False,False,False,False,False,False,/wiki/A_Walk_in_the_Woods_(film),http://www.imdb.com/title/tt1178665/,,,28817976.0,70.7991188262,79.3333333333,58.0424366872,35.0,6.65
30,tt1243974,Aloha,2015-05-29 00:00:00,USA,English,PG-13,105.0,2015,5.5,26271,"Meandering and insubstantial, Aloha finds writer-director Cameron Crowe at his most sentimental and least compelling.",26.0,19.0,4.3,139.0,113.0,30.0,2.6,28683.0,0,0,0,0,False,False,False,False,True,False,False,True,False,False,False,False,False,False,False,False,True,False,False,False,False,False,/wiki/Aloha_(film),http://www.imdb.com/title/tt1243974/,http://www.rottentomatoes.com/m/aloha_2015/,,20991497.0,47.0205741434,51.0,57.8754277892,13.0,5.35
34,tt1322393,Faith of Our Fathers,2015-07-01 00:00:00,USA,English,PG-13,96.0,2015,2.8,339,,,,,,,,,,0,0,0,0,False,False,False,False,False,False,False,True,False,False,False,False,False,False,False,False,False,False,False,False,False,False,/wiki/Faith_of_Our_Fathers_(film),http://www.imdb.com/title/tt1322393/,,,986472.0,47.9054388459,71.5,50.0260095825,2.0,2.8
36,tt1340138,Terminator Genisys,2015-07-01 00:00:00,USA,English,PG-13,126.0,2015,6.7,136706,"Mired in its muddled mythology, Terminator: Genisys is a lurching retread that lacks the thematic depth, conceptual intelligence, or visual thrills that launched this once-mighty franchise.",55.0,25.0,4.7,217.0,162.0,58.0,3.4,78290.0,0,0,0,0,True,True,False,False,False,False,False,False,False,False,False,False,False,False,False,False,False,True,False,False,False,False,/wiki/Terminator_Genisys,http://www.imdb.com/title/tt1340138/,http://www.rottentomatoes.com/m/terminator_genesis/,,89760956.0,54.5578479624,42.0,50.4941820671,32.0,6.75
39,tt1355683,Black Mass,2015-09-18 00:00:00,"USA, UK",English,R,122.0,2015,7.2,46099,Black Mass spins a gripping yarn out of its fact-based story -- and leaves audiences with one of Johnny Depp's most compelling performances in years.,171.0,75.0,6.6,229.0,58.0,73.0,3.7,44682.0,0,0,0,0,False,False,False,True,False,True,False,True,False,False,False,False,False,False,False,False,False,False,False,False,False,False,/wiki/Black_Mass_(film),http://www.imdb.com/title/tt1355683/,http://www.rottentomatoes.com/m/black_mass_2015/,,57557218.0,42.6509300818,56.5,45.711156742,3.0,7.3
43,tt1390411,In the Heart of the Sea,2015-12-11 00:00:00,USA,English,PG-13,121.0,2015,,,,,,,,,,4.1,24469.0,0,0,0,0,True,True,False,False,False,False,False,True,False,False,False,False,False,False,False,False,False,False,False,False,False,False,/wiki/In_the_Heart_of_the_Sea_(film),http://www.imdb.com/title/tt1390411/,,,,36.8532238193,37.5,61.7796030116,38.0,
45,tt1392190,Mad Max: Fury Road,2015-05-15 00:00:00,"Australia, USA","English, Russian",R,120.0,2015,8.2,370371,"With exhilarating action and a surprising amount of narrative heft, Mad Max: Fury Road brings George Miller's post-apocalyptic franchise roaring vigorously back to life.",304.0,97.0,8.6,313.0,9.0,87.0,4.2,110277.0,0,0,0,0,True,True,False,False,False,False,False,False,False,False,False,False,False,False,False,False,False,True,False,False,False,False,/wiki/Mad_Max:_Fury_Road,http://www.imdb.com/title/tt1392190/,http://www.rottentomatoes.com/m/mad_max_fury_road/,,153636354.0,34.5988645972,45.3333333333,70.1984941821,16.0,8.3
48,tt1398426,Straight Outta Compton,2015-08-14 00:00:00,USA,English,R,147.0,2015,8.1,56216,"Straight Outta Compton is a biopic that's built to last, thanks to F. Gary Gray's confident direction and engaging performances from a solid cast.",164.0,89.0,7.4,184.0,20.0,94.0,4.4,59150.0,0,0,0,0,False,False,False,True,False,False,False,True,False,False,False,False,True,False,False,False,False,False,False,False,False,False,/wiki/Straight_Outta_Compton_(2015_film),http://www.imdb.com/title/tt1398426/,http://www.rottentomatoes.com/m/straight_outta_compton/,,160902085.0,1.62691517928,6.5,46.0752908966,21.0,8.45
50,tt1502712,Fantastic Four,2015-08-07 00:00:00,"USA, Germany, UK, Canada",English,PG-13,100.0,2015,4.3,75679,"Dull and downbeat, this Fantastic Four proves a woefully misguided attempt to translate a classic comic series without the humor, joy, or colorful thrills that made it great.",19.0,10.0,3.4,198.0,179.0,20.0,2.1,132178.0,0,0,0,0,True,True,False,False,False,False,False,False,False,False,False,False,False,False,False,False,False,True,False,False,False,False,/wiki/Fantastic_Four_(2015_film),http://www.imdb.com/title/tt1502712/,,,56086051.0,30.4958805486,36.0,31.4633812457,3.0,4.25
53,tt1524575,The Vatican Tapes,2015-07-24 00:00:00,USA,"English, Aramaic",PG-13,91.0,2015,4.5,4118,,6.0,18.0,4.0,33.0,27.0,21.0,2.3,1816.0,0,0,0,0,False,False,False,False,False,False,False,False,False,False,False,True,False,False,False,False,False,False,False,True,False,False,/wiki/The_Vatican_Tapes,http://www.imdb.com/title/tt1524575/,http://www.rottentomatoes.com/m/the_vatican_tapes/,,1712111.0,44.3338779058,68.5,42.2012320329,5.0,4.55
55,tt1524930,Vacation,2015-07-29 00:00:00,USA,English,R,99.0,2015,6.2,33638,"Borrowing a basic storyline from the film that inspired it but forgetting the charm, wit, and heart, Vacation is yet another nostalgia-driven retread that misses the mark.",40.0,27.0,4.1,147.0,107.0,51.0,3.2,33745.0,0,0,0,0,False,True,False,False,True,False,False,False,False,False,False,False,False,False,False,False,False,False,False,False,False,False,/wiki/Vacation_(2015_film),http://www.imdb.com/title/tt1524930/,http://www.rottentomatoes.com/m/vacation_2013/,,58787835.0,36.3363273797,59.6666666667,30.0232717317,3.0,6.3
58,tt1596345,Pawn Sacrifice,2015-09-25 00:00:00,USA,English,PG-13,115.0,2014,7.2,2849,"Anchored by a sensitive performance from Tobey Maguire, Pawn Sacrifice adds another solidly gripping drama to the list of films inspired by chess wiz Bobby Fischer.",57.0,70.0,6.5,81.0,24.0,72.0,3.7,9642.0,0,0,0,0,False,False,False,True,False,False,False,True,False,False,False,False,False,False,False,False,False,False,False,False,False,False,/wiki/Pawn_Sacrifice,http://www.imdb.com/title/tt1596345/,http://www.rottentomatoes.com/m/pawn_sacrifice/,,2322375.63462,46.5007039393,61.5,62.9623545517,23.0,7.3
60,tt1596363,The Big Short,2015-12-23 00:00:00,USA,English,,130.0,2015,8.2,48,,,,,,,,4.1,2278.0,0,0,0,0,False,False,False,False,False,False,False,True,False,False,False,False,False,False,False,False,False,False,False,False,False,False,,,,,,47.9660506502,62.5,47.6824093087,18.0,8.2
62,tt1617661,Jupiter Ascending,2015-02-06 00:00:00,"USA, Australia","English, Russian",PG-13,127.0,2015,5.4,118592,"Pleasing to the eye but narratively befuddled, Jupiter Ascending delivers another visually thrilling misfire from the Wachowskis.",55.0,26.0,4.2,212.0,157.0,39.0,2.9,93837.0,0,0,0,0,True,True,False,False,False,False,False,False,False,False,False,False,False,False,False,False,False,True,False,False,False,False,/wiki/Jupiter_Ascending,http://www.imdb.com/title/tt1617661/,http://www.rottentomatoes.com/m/jupiter_ascending_2014/,,47387723.0,32.8985626283,41.6666666667,47.1074606434,11.0,5.6
65,tt1618442,The Last Witch Hunter,2015-10-23 00:00:00,"USA, China, Canada",English,PG-13,106.0,2015,6.1,12503,"Grim, plodding, and an overall ill fit for Vin Diesel's particular charms, The Last Witch Hunter will bore and/or confuse all but the least demanding action-fantasy fans.",17.0,16.0,3.8,107.0,90.0,49.0,3.2,31517.0,0,0,0,0,True,True,False,False,False,False,False,False,False,True,False,False,False,False,False,False,False,False,False,False,False,False,/wiki/The_Last_Witch_Hunter,http://www.imdb.com/title/tt1618442/,http://www.rottentomatoes.com/m/the_last_witch_hunter/,,,37.4873944787,48.0,44.8295687885,9.0,6.25
68,tt1638355,The Man from U.N.C.L.E.,2015-08-14 00:00:00,"USA, UK","English, Russian, German, Italian",PG-13,116.0,2015,7.4,90361,"The Man from U.N.C.L.E. tries to distract from an unremarkable story with charismatic stars and fizzy set pieces, adding up to an uneven action thriller with just enough style to overcome its lack of substance.",143.0,67.0,6.2,214.0,71.0,78.0,3.8,40072.0,0,0,0,0,True,True,False,False,True,False,False,False,False,False,False,False,False,False,False,False,False,False,False,False,False,False,/wiki/The_Man_from_U.N.C.L.E._(film),http://www.imdb.com/title/tt1638355/,,,45372659.0,29.1288834369,25.6666666667,46.9240246407,13.0,7.5
71,tt1658801,Freeheld,2015-11-05 00:00:00,USA,English,PG-13,103.0,2015,6.3,675,,,,,,,,,,0,0,0,0,False,False,False,True,False,False,False,True,False,False,False,False,False,False,False,False,True,False,False,False,False,False,/wiki/Freeheld_(2015_film),http://www.imdb.com/title/tt1658801/,http://www.rottentomatoes.com/m/771417802/,,144419.0,48.012151958,62.3333333333,39.8439425051,8.0,6.3
74,tt1661199,Cinderella,2015-03-13 00:00:00,"USA, UK",English,PG,105.0,2015,7.1,78660,"Refreshingly traditional in a revisionist era, Kenneth Branagh's Cinderella proves Disney hasn't lost any of its old-fashioned magic.",167.0,85.0,7.2,197.0,30.0,79.0,4.0,73831.0,0,0,0,0,False,False,False,False,False,False,False,True,True,True,False,False,False,False,False,False,False,False,False,False,False,False,/wiki/Cinderella_(2015_film),http://www.imdb.com/title/tt1661199/,http://www.rottentomatoes.com/m/cinderella_2013/,,201148159.0,43.7531767997,46.0,54.2532511978,19.0,7.55
78,tt1663202,The Revenant,2016-01-08 00:00:00,USA,English,R,156.0,2015,,,,,,,,,,,,0,0,0,0,False,True,False,False,False,False,False,True,False,False,False,False,False,False,False,False,False,False,False,False,False,True,/wiki/The_Revenant_(2015_film),http://www.imdb.com/title/tt1663202/,,,,37.6060470791,38.3333333333,52.3997262149,15.0,
81,tt1674771,Entourage,2015-06-03 00:00:00,USA,English,R,104.0,2015,6.7,44182,"Entourage retains many elements of the HBO series, but feels less like a film than a particularly shallow, cameo-studded extended episode of the show.",56.0,32.0,4.6,177.0,121.0,63.0,3.6,29586.0,0,0,0,0,False,False,False,False,True,False,False,False,False,False,False,False,False,False,False,False,False,False,False,False,False,False,/wiki/Entourage_(film),http://www.imdb.com/title/tt1674771/,http://www.rottentomatoes.com/m/entourage/,,32361416.0,38.8768471487,31.6666666667,47.1567419576,6.0,6.95
84,tt1727770,Absolutely Anything,2015-08-14 00:00:00,"UK, USA","English, French",,85.0,2015,6.1,2109,,2.0,9.0,3.0,23.0,21.0,,,,0,0,0,0,False,False,False,False,True,False,False,False,False,False,False,False,False,False,False,False,False,True,False,False,False,False,/wiki/Absolutely_Anything,http://www.imdb.com/title/tt1727770/,http://www.rottentomatoes.com/m/absolutely_anything/,,,44.2744749309,63.5,73.53045859,16.0,6.1
86,tt1727776,Scouts Guide to the Zombie Apocalypse,2015-10-30 00:00:00,USA,English,R,93.0,2015,6.5,3021,"Scouts Guide to the Zombie Apocalypse fails to live up to its intriguingly wacky title, instead delivering yet another zombie comedy-thriller with a tired T&A twist.",32.0,44.0,4.7,73.0,41.0,55.0,3.4,6195.0,0,0,0,0,False,False,False,False,True,False,False,False,False,False,False,True,False,False,False,False,False,False,False,False,False,False,/wiki/Scouts_Guide_to_the_Zombie_Apocalypse,http://www.imdb.com/title/tt1727776/,,,,22.0806330445,20.5,40.6707734428,5.0,6.65
88,tt1781922,No Escape,2015-08-26 00:00:00,USA,"English, French, Thai",R,103.0,2015,6.8,23216,No Escape's talented cast and taut B-movie thrills are unfortunately offset by its one-dimensional characters and uncomfortably retrograde worldview.,60.0,46.0,4.9,130.0,70.0,66.0,3.6,14662.0,0,0,0,0,True,False,False,False,False,False,False,False,False,False,False,False,False,False,False,False,False,False,False,True,False,False,/wiki/No_Escape_(2015_film),http://www.imdb.com/title/tt1781922/,http://www.rottentomatoes.com/m/no_escape_2015/,,27051218.0,42.2923708735,52.0,42.6475017112,7.0,7.0
90,tt1798684,Southpaw,2015-07-24 00:00:00,USA,English,R,124.0,2015,7.5,98250,,,,,,,,,,0,0,0,0,True,False,False,False,False,False,False,True,False,False,False,False,False,False,False,False,False,False,True,False,False,False,/wiki/Southpaw_(film),http://www.imdb.com/title/tt1798684/,http://www.rottentomatoes.com/m/southpaw_2013/,,52316554.0,35.5792075443,36.0,49.5085557837,20.0,7.5
92,tt1810683,Little Boy,2015-04-24 00:00:00,"USA, Mexico",English,PG-13,106.0,2015,7.4,10996,"Well-meaning but manipulative on a horrifically misguided scale, Little Boy is the rare faith-based film that many viewers may find legitimately offensive.",10.0,21.0,4.4,47.0,37.0,80.0,4.1,7365.0,0,0,0,0,False,False,False,False,True,False,False,True,False,False,False,False,False,False,False,False,False,False,False,False,True,False,/wiki/Little_Boy_(film),http://www.imdb.com/title/tt1810683/,,,6420319.0,48.890994928,39.0,37.7796030116,4.0,7.8
94,tt1823672,Chappie,2015-03-06 00:00:00,"USA, Mexico",English,R,120.0,2015,6.9,142699,"Chappie boasts more of the big ideas and visual panache that director Neill Blomkamp has become known for -- and, sadly, more of the narrative shortcomings.",57.0,31.0,4.9,184.0,127.0,57.0,3.4,47365.0,0,0,0,0,True,False,False,False,False,True,False,False,False,False,False,False,False,False,False,False,False,True,False,False,False,False,/wiki/Chappie_(film),http://www.imdb.com/title/tt1823672/,http://www.rottentomatoes.com/m/chappie/,,31569268.0,33.3336866044,15.5,35.4661190965,9.0,6.85
96,tt1837562,A Royal Night Out,2015-12-04 00:00:00,UK,English,PG-13,97.0,2015,6.4,2123,,,,,,,,,,0,0,0,0,False,False,False,False,False,False,False,True,False,False,False,False,False,False,False,False,True,False,False,False,False,False,/wiki/A_Royal_Night_Out,http://www.imdb.com/title/tt1837562/,,,,35.8734599589,42.6666666667,55.5537303217,31.0,6.4
99,tt1850457,Sisters,2015-12-18 00:00:00,USA,English,R,118.0,2015,,,,,,,,,,0.0,63.0,0,0,0,0,False,False,False,False,True,False,False,False,False,False,False,False,False,False,False,False,False,False,False,False,False,False,/wiki/Sisters_(2015_film),http://www.imdb.com/title/tt1850457/,http://www.rottentomatoes.com/m/sisters_2015/,,,38.3569455766,49.75,45.1553730322,9.0,
103,tt1883367,The Human Centipede III (Final Sequence),2015-06-18 00:00:00,USA,English,NOT RATED,102.0,2015,3.0,5906,"Human Centipede fans may find enough extreme body horror in the third installment to satisfy, but filmgoers of every other persuasion are strongly advised to stay far, far away from Final Sequence.",8.0,19.0,2.2,43.0,35.0,9.0,1.4,2257.0,0,0,0,0,False,False,False,False,False,False,False,False,False,False,False,True,False,False,False,False,False,False,False,False,False,False,/wiki/The_Human_Centipede_3_(Final_Sequence),http://www.imdb.com/title/tt1883367/,http://www.rottentomatoes.com/m/the_human_centipede_iii/,,,49.4912640945,294.5,41.8015058179,6.0,2.9
105,tt1895587,Spotlight,2015-12-31 00:00:00,USA,English,R,128.0,2015,8.2,1545,"Spotlight gracefully handles the lurid details of its fact-based story while resisting the temptation to lionize its heroes, resulting in a drama that honors the audience as well as its real-life subjects.",158.0,98.0,9.0,162.0,4.0,96.0,4.5,20798.0,0,0,0,0,False,False,False,True,False,False,False,True,False,False,True,False,False,False,False,False,False,False,False,False,False,False,/wiki/Spotlight_(film),http://www.imdb.com/title/tt1895587/,,,,51.4816029081,59.5,49.916495551,5.0,8.6
109,tt1951266,The Hunger Games: Mockingjay - Part 2,2015-11-20 00:00:00,"USA, Germany",English,PG-13,137.0,2015,7.1,57669,,,,,,,,,,0,0,0,0,False,True,False,False,False,False,False,False,False,False,False,False,False,False,False,False,False,True,False,False,False,False,/wiki/The_Hunger_Games:_Mockingjay_%E2%80%93_Part_2,http://www.imdb.com/title/tt1951266/,http://www.rottentomatoes.com/m/the_hunger_games_mockingjay_part_2//,,167962341.0,24.3889831265,30.6666666667,44.6543463381,18.0,7.1
112,tt1964418,Tomorrowland,2015-05-22 00:00:00,"USA, Spain","English, French, Japanese",PG,130.0,2015,6.5,89070,"Ambitious and visually stunning, Tomorrowland is unfortunately weighted down by uneven storytelling.",118.0,50.0,5.9,235.0,117.0,51.0,3.3,85298.0,0,0,0,0,True,True,False,False,False,False,False,False,True,False,False,False,False,False,False,False,False,False,False,False,False,False,/wiki/Tomorrowland_(film),http://www.imdb.com/title/tt1964418/,,,93417865.0,49.1000435567,73.3333333333,57.6563997262,11.0,6.55
115,tt1976009,Victor Frankenstein,2015-11-25 00:00:00,USA,English,PG-13,109.0,2015,,,,,,,,,,,,0,0,0,0,False,False,False,False,False,False,False,True,False,False,False,True,False,False,False,False,False,True,False,False,False,False,/wiki/Victor_Frankenstein_(film),http://www.imdb.com/title/tt1976009/,http://www.rottentomatoes.com/m/victor_frankenstein_2015/,,,31.5582537273,30.6666666667,52.1834360027,18.0,
118,tt2006295,The 33,2015-11-13 00:00:00,"USA, Chile","English, Spanish",PG-13,127.0,2015,7.0,5753,"The 33 offers an appropriately inspirational account of real-life heroism, but its stirring story and solid performances are undermined by a flawed focus and an overreliance on formula.",44.0,41.0,5.5,107.0,63.0,66.0,3.7,6613.0,0,0,0,0,False,False,False,True,False,False,False,True,False,False,True,False,False,False,False,False,False,False,False,False,False,False,/wiki/The_33_(film),http://www.imdb.com/title/tt2006295/,http://www.rottentomatoes.com/m/the_33/,,,49.9576263969,72.3333333333,45.4483230664,8.0,7.2
121,tt2080374,Steve Jobs,2015-10-23 00:00:00,USA,English,R,122.0,2015,7.7,11386,"Like the tech giant co-founded by its subject, Steve Jobs gathers brilliant people to deliver a product whose elegance belies the intricate complexities at its core.",175.0,84.0,7.6,208.0,33.0,77.0,3.8,29325.0,0,0,0,0,False,False,False,True,False,False,False,True,False,False,False,False,False,False,False,False,False,False,False,False,False,False,/wiki/Steve_Jobs_(2015_film),http://www.imdb.com/title/tt2080374/,,,521522.0,36.7975608238,55.0,59.0061601643,26.0,7.65
124,tt2096673,Inside Out,2015-06-19 00:00:00,USA,English,PG,94.0,2015,8.4,180018,"Inventive, gorgeously animated, and powerfully moving, Inside Out is another outstanding addition to the Pixar library of modern animated classics.",272.0,98.0,9.0,277.0,5.0,90.0,4.3,117943.0,0,0,0,0,False,True,True,False,True,False,False,False,False,False,False,False,False,False,False,False,False,False,False,False,False,False,/wiki/Inside_Out_(2015_film),http://www.imdb.com/title/tt2096673/,http://www.rottentomatoes.com/m/the_inside_out/,,356285830.0,40.2498666767,81.5,46.6913073238,8.0,8.5
126,tt2097298,"McFarland, USA",2015-02-20 00:00:00,USA,"English, Spanish",PG,129.0,2015,7.5,17552,"Disney's inspirational sports drama formula might be old hat, but McFarland, USA proves it still works -- especially with a talented director and eminently likable star in the mix.",92.0,79.0,6.7,116.0,24.0,89.0,4.2,25419.0,0,0,0,0,False,False,False,True,False,False,False,True,False,False,False,False,False,False,False,False,False,False,True,False,False,False,"/wiki/McFarland,_USA",http://www.imdb.com/title/tt2097298/,,,44469602.0,60.090349076,54.0,48.1368925394,10.0,7.95
127,tt2118624,The Final Girls,2015-10-09 00:00:00,USA,English,PG-13,88.0,2015,6.8,9335,The Final Girls offers an affectionate nod to slasher tropes while adding a surprising layer of genuine emotion to go with the meta amusement.,39.0,72.0,6.4,54.0,15.0,73.0,3.7,3563.0,0,0,0,0,False,False,False,False,True,False,False,False,False,False,False,True,False,False,False,False,False,False,False,False,False,False,/wiki/The_Final_Girls,http://www.imdb.com/title/tt2118624/,http://www.rottentomatoes.com/m/The_Final_Girls/,,,34.4526165142,33.0,35.2908966461,25.0,7.1
129,tt2120120,Pixels,2015-07-24 00:00:00,"USA, China, Canada",English,PG-13,106.0,2015,5.7,56085,"Much like the worst arcade games from the era that inspired it, Pixels has little replay value and is hardly worth a quarter.",27.0,17.0,3.8,160.0,133.0,50.0,3.2,65066.0,0,0,0,0,True,False,False,False,True,False,False,False,False,False,False,False,False,False,False,False,False,True,False,False,False,False,/wiki/Pixels_(2015_film),http://www.imdb.com/title/tt2120120/,,,78747585.0,46.2026776181,41.6666666667,56.8678986995,19.0,6.05
132,tt2126355,San Andreas,2015-05-29 00:00:00,"USA, Australia, Canada",English,PG-13,114.0,2015,6.2,107459,"San Andreas has a great cast and outstanding special effects, but amidst all the senses-shattering destruction, the movie's characters and plot prove less than structurally sound.",97.0,50.0,5.3,194.0,97.0,55.0,3.4,61576.0,0,0,0,0,True,False,False,False,False,False,False,True,False,False,False,False,False,False,False,False,False,False,False,True,False,False,/wiki/San_Andreas_(film),http://www.imdb.com/title/tt2126355/,,,155181732.0,41.0419856357,72.3333333333,36.4052019165,15.0,6.5
135,tt2140379,Self/less,2015-07-10 00:00:00,USA,English,PG-13,117.0,2015,6.5,33731,"Self/less boasts a potential-packed premise, but does frustratingly little with it, settling for lackluster action at the expense of interesting ideas.",26.0,21.0,4.6,122.0,96.0,49.0,3.2,21594.0,0,0,0,0,True,False,False,False,False,False,False,True,False,False,False,False,False,False,True,False,False,False,False,False,False,False,/wiki/Self/less,http://www.imdb.com/title/tt2140379/,http://www.rottentomatoes.com/m/selfless_2015/,,12276810.0,36.9334215014,39.3333333333,54.12183436,8.0,6.45
138,tt2199571,Run All Night,2015-03-13 00:00:00,USA,English,R,114.0,2015,6.6,60909,"Liam Neeson is in typically fine form, but Run All Night suffers from a convoluted plot and workmanlike execution.",96.0,60.0,5.7,159.0,63.0,58.0,3.4,20023.0,0,0,0,0,True,False,False,False,False,True,False,True,False,False,False,False,False,False,False,False,False,False,False,False,False,False,/wiki/Run_All_Night_(film),http://www.imdb.com/title/tt2199571/,http://www.rottentomatoes.com/m/run_all_night/,,26442251.0,58.9195908742,82.3333333333,40.9719370294,9.0,6.7
141,tt2231253,Wild Card,2015-01-14 00:00:00,USA,English,R,92.0,2015,5.6,30150,"Hardcore Jason Statham fans may enjoy parts of Wild Card, but all other action aficionados need not apply.",13.0,27.0,4.8,48.0,35.0,29.0,2.8,7176.0,0,0,0,0,True,False,False,False,False,True,False,True,False,False,False,False,False,False,False,False,False,False,False,False,False,False,/wiki/Wild_Card_(2015_film),http://www.imdb.com/title/tt2231253/,http://www.rottentomatoes.com/m/heat_2013/,,,35.3899354224,38.3333333333,54.0342231348,19.0,5.6
144,tt2245003,Miss You Already,2015-09-25 00:00:00,UK,English,PG-13,112.0,2015,6.6,717,,,,,,,,,,0,0,0,0,False,False,False,False,True,False,False,True,False,False,False,False,False,False,False,False,True,False,False,False,False,False,/wiki/Miss_You_Already,http://www.imdb.com/title/tt2245003/,http://www.rottentomatoes.com/m/miss_you_already/,,,40.4348544862,61.0,59.9288158795,14.0,6.6
147,tt2273657,True Story,2015-04-17 00:00:00,USA,"English, Ibo",R,99.0,2015,6.3,24988,"James Franco and Jonah Hill make a watchable pair, but True Story loses their performances -- and the viewer's interest -- in a muddled movie that bungles its fact-based tale.",64.0,45.0,5.5,143.0,79.0,40.0,3.1,18737.0,0,0,0,0,False,False,False,False,False,True,False,True,False,False,False,False,False,False,True,False,False,False,False,False,False,False,/wiki/True_Story_(film),http://www.imdb.com/title/tt2273657/,http://www.rottentomatoes.com/m/true_story_2014/,,4715819.0,34.6450843892,68.3333333333,43.2908966461,3.0,6.25
150,tt2279373,The SpongeBob Movie: Sponge Out of Water,2015-02-06 00:00:00,USA,English,PG,92.0,2015,6.1,29075,"The SpongeBob Movie: Sponge Out of Water won't win over many viewers who aren't fans of the show, but for the converted, it's another colorful burst of manic fun.",73.0,78.0,6.5,93.0,20.0,55.0,3.4,50048.0,0,0,0,0,False,True,True,False,True,False,False,False,False,False,False,False,False,False,False,False,False,False,False,False,False,False,/wiki/The_SpongeBob_Movie:_Sponge_Out_of_Water,http://www.imdb.com/title/tt2279373/,http://www.rottentomatoes.com/m/the_spongebob_movie_sponge_out_of_water/,,162495848.0,54.4914442163,94.0,46.7351129363,3.0,6.45
151,tt2322441,Fifty Shades of Grey,2015-02-13 00:00:00,USA,English,R,125.0,2015,4.1,192153,,,,,,,,,,0,0,0,0,False,False,False,False,False,False,False,True,False,False,False,False,False,False,False,False,True,False,False,False,False,False,/wiki/Fifty_Shades_of_Grey_(film),http://www.imdb.com/title/tt2322441/,,,166167230.0,36.6923089765,27.3333333333,47.947980835,6.0,4.1
154,tt2361509,The Intern,2015-09-25 00:00:00,USA,English,PG-13,121.0,2015,7.4,24784,"The Intern doesn't do enough with its timely premise, but benefits from the unorthodox chemistry of its talented leads.",90.0,60.0,5.7,151.0,61.0,78.0,3.9,30904.0,0,0,0,0,False,False,False,False,True,False,False,False,False,False,False,False,False,False,False,False,False,False,False,False,False,False,/wiki/The_Intern_(2015_film),http://www.imdb.com/title/tt2361509/,,,49592234.0,62.1289044571,56.6666666667,65.7960301164,6.0,7.6
157,tt2379713,Spectre,2015-11-06 00:00:00,"UK, USA","English, Spanish, Italian, German, French",PG-13,148.0,2015,7.1,126636,"Spectre nudges Daniel Craig's rebooted Bond closer to the glorious, action-driven spectacle of earlier entries, although it's admittedly reliant on established 007 formula.",178.0,64.0,6.4,280.0,102.0,66.0,3.6,82501.0,0,0,0,0,True,True,False,False,False,False,False,False,False,False,False,False,False,False,False,False,False,False,False,True,False,False,/wiki/Spectre_(2015_film),http://www.imdb.com/title/tt2379713/,http://www.rottentomatoes.com/m/spectre_2015/,,168541967.0,50.6181975379,69.6666666667,50.264202601,8.0,7.15
160,tt2381249,Mission: Impossible - Rogue Nation,2015-07-31 00:00:00,USA,"English, Swedish, German",PG-13,131.0,2015,7.5,160094,Mission: Impossible Rogue Nation continues the franchise's thrilling resurgence -- and proves that Tom Cruise remains an action star without equal.,231.0,92.0,7.4,250.0,19.0,89.0,4.1,81799.0,0,0,0,0,True,True,False,False,False,False,False,False,False,False,False,False,False,False,False,False,False,False,False,True,False,False,/wiki/Mission:_Impossible_%E2%80%93_Rogue_Nation,http://www.imdb.com/title/tt2381249/,http://www.rottentomatoes.com/m/mission_impossible_rogue_nation/,,195042377.0,45.7289386594,48.5,47.5783709788,4.0,7.85
164,tt2395427,Avengers: Age of Ultron,2015-05-01 00:00:00,USA,English,PG-13,141.0,2015,7.7,336332,"Exuberant and eye-popping, Avengers: Age of Ultron serves as an overstuffed but mostly satisfying sequel, reuniting its predecessor's unwieldy cast with a few new additions and a worthy foe.",213.0,74.0,6.7,287.0,74.0,85.0,4.1,278217.0,0,0,0,0,True,True,False,False,False,False,False,False,False,False,False,False,False,False,False,False,False,True,False,False,False,False,/wiki/Avengers:_Age_of_Ultron,http://www.imdb.com/title/tt2395427/,,,459005868.0,43.7767559039,53.25,50.8528405202,13.0,7.95
168,tt2401878,Anomalisa,2016-01-01 00:00:00,USA,English,R,90.0,2015,8.1,1019,,,,,,,,,,0,0,0,0,False,False,True,False,True,False,False,True,False,False,False,False,False,False,False,False,False,False,False,False,False,False,/wiki/Anomalisa,http://www.imdb.com/title/tt2401878/,,,,56.8161392516,84.3333333333,36.7857631759,6.0,8.1
171,tt2402927,Carol,2015-11-20 00:00:00,"UK, USA, France",English,R,118.0,2015,7.5,2660,,,,,,,,,,0,0,0,1,False,False,False,False,False,False,False,True,False,False,False,False,False,False,False,False,True,False,False,False,False,False,/wiki/Carol_(film),http://www.imdb.com/title/tt2402927/,,,,41.6324124199,44.0,54.8802190281,16.0,7.5
173,tt2446980,Joy,2015-12-25 00:00:00,USA,English,PG-13,,2015,,,,,,,,,,3.6,14181.0,0,0,0,0,False,False,False,True,True,False,False,True,False,False,False,False,False,False,False,False,False,False,False,False,False,False,/wiki/Joy_(film),http://www.imdb.com/title/tt2446980/,,,,56.4260327601,63.0,57.3470225873,12.0,
176,tt2488496,Star Wars: The Force Awakens,2015-12-18 00:00:00,USA,English,PG-13,135.0,2015,,,,,,,,,,4.7,81151.0,0,0,0,0,True,True,False,False,False,False,False,False,False,True,False,False,False,False,False,False,False,False,False,False,False,False,/wiki/Star_Wars:_The_Force_Awakens,http://www.imdb.com/title/tt2488496/,,,,63.0207420326,182.5,49.4757015743,12.0,
178,tt2503944,Burnt,2015-10-30 00:00:00,USA,"French, English, Spanish",R,101.0,2015,6.7,5438,,,,,,,,,,0,0,0,0,False,False,False,False,True,False,False,True,False,False,False,False,False,False,False,False,False,False,False,False,False,False,/wiki/Burnt_(film),http://www.imdb.com/title/tt2503944/,http://www.rottentomatoes.com/m/burnt/,,,37.7990168627,51.3333333333,59.4223134839,7.0,6.7
181,tt2510894,Hotel Transylvania 2,2015-09-25 00:00:00,USA,English,PG,89.0,2015,7.0,16929,"Hotel Transylvania 2 is marginally better than the original, which may or may not be enough of a recommendation to watch 89 minutes of corny, colorfully animated gags from Adam Sandler and company.",43.0,52.0,5.1,83.0,40.0,70.0,3.8,79262.0,0,0,0,0,False,False,True,False,True,False,False,False,True,False,False,False,False,False,False,False,False,False,False,False,False,False,/wiki/Hotel_Transylvania_2,http://www.imdb.com/title/tt2510894/,http://www.rottentomatoes.com/m/hotel_transylvania_2/,,116942033.0,40.5019768893,42.5,45.6865160849,17.0,7.3
185,tt2515034,The Gunman,2015-03-20 00:00:00,"USA, Spain, UK, France","English, Spanish",R,115.0,2015,5.8,22011,"With an uninspired plot and rote set pieces that are overshadowed by its star's physique, The Gunman proves a muddled misfire in the rapidly aging Over-50 Action Hero genre.",24.0,16.0,4.4,150.0,126.0,33.0,2.8,12978.0,0,0,0,0,True,False,False,False,False,True,False,True,False,False,False,False,False,False,False,False,False,False,False,False,False,False,/wiki/The_Gunman_(film),http://www.imdb.com/title/tt2515034/,http://www.rottentomatoes.com/m/prone_gunman/,,10640645.0,54.6473826742,69.0,50.8528405202,9.0,5.7
188,tt2552394,Barney Thomson,2015-07-24 00:00:00,"Canada, UK",English,,96.0,2015,6.9,523,,,,,,,,,,0,0,0,0,False,False,False,False,True,True,False,False,False,False,False,False,False,False,False,False,False,False,False,False,False,False,/wiki/The_Legend_of_Barney_Thomson,http://www.imdb.com/title/tt2552394/,,,,60.4900214315,76.25,54.2751540041,2.0,6.9
192,tt2554274,Crimson Peak,2015-10-16 00:00:00,"USA, Canada",English,R,119.0,2015,6.9,33440,Crimson Peak offers an engaging -- albeit somewhat slight -- diversion driven by a delightfully creepy atmosphere and director Guillermo del Toro's brilliant knack for unforgettable visuals.,135.0,69.0,6.5,195.0,60.0,61.0,3.4,28569.0,0,0,0,0,False,False,False,False,False,False,False,True,False,True,False,True,False,False,False,False,False,False,False,False,False,False,/wiki/Crimson_Peak,http://www.imdb.com/title/tt2554274/,,,761069.0,33.5186271634,37.3333333333,51.0171115674,18.0,6.85
195,tt2555736,The Second Best Exotic Marigold Hotel,2015-03-06 00:00:00,"UK, USA",English,PG,122.0,2015,6.6,16217,"The Second Best Exotic Marigold Hotel is about as original as its title -- but with a cast this talented and effortlessly charming, that hardly matters.",95.0,62.0,6.0,153.0,58.0,61.0,3.5,17135.0,0,0,0,0,False,False,False,False,True,False,False,True,False,False,False,False,False,False,False,False,False,False,False,False,False,False,/wiki/The_Second_Best_Exotic_Marigold_Hotel,http://www.imdb.com/title/tt2555736/,,,33071558.0,71.4517093555,47.5,65.9082819986,25.0,6.8
197,tt2561572,Get Hard,2015-03-27 00:00:00,USA,English,R,100.0,2015,6.1,62146,"A waste of two fine funnymen, Get Hard settles for tired and offensive gags instead of tapping into its premise's boundary-pushing potential.",45.0,29.0,4.3,155.0,110.0,47.0,3.2,51295.0,0,0,0,0,False,False,False,False,True,True,False,False,False,False,False,False,False,False,False,False,False,False,False,False,False,False,/wiki/Get_Hard,http://www.imdb.com/title/tt2561572/,http://www.rottentomatoes.com/m/get_hard/,,90353764.0,40.3545911652,69.3333333333,41.2320328542,4.0,6.25
200,tt2637276,Ted 2,2015-06-26 00:00:00,USA,English,R,115.0,2015,6.5,73240,"Ted 2 reunites Mark Wahlberg and Seth MacFarlane for another round of sophomoric, scatological humor -- and just as before, your enjoyment will depend on your tolerance for all of the above.",80.0,46.0,5.2,175.0,95.0,57.0,3.4,57133.0,0,0,0,0,False,False,False,False,True,False,False,False,False,False,False,False,False,False,False,False,False,False,False,False,False,False,/wiki/Ted_2,http://www.imdb.com/title/tt2637276/,http://www.rottentomatoes.com/m/ted_2/,,81257500.0,38.5653079354,47.0,41.6646132786,10.0,6.65
203,tt2637294,Hot Tub Time Machine 2,2015-02-20 00:00:00,USA,English,R,93.0,2015,5.1,22168,"A shallow dip overflowing with juvenile humor, Hot Tub Time Machine 2 is a lukewarm sequel that's healthiest to avoid.",13.0,14.0,3.3,94.0,81.0,28.0,2.6,34553.0,0,0,0,0,False,False,False,False,True,False,False,False,False,False,False,False,False,False,False,False,False,True,False,False,False,False,/wiki/Hot_Tub_Time_Machine_2,http://www.imdb.com/title/tt2637294/,http://www.rottentomatoes.com/m/hot_tub_time_machine_2/,,12282677.0,41.3669971796,64.25,-0.755646817248,12.0,5.15
207,tt2717822,Blackhat,2015-01-16 00:00:00,USA,"English, Mandarin, Spanish",R,133.0,2015,5.4,32017,"Thematically timely but dramatically inert, Blackhat strands Chris Hemsworth in a muddled misfire from director Michael Mann.",53.0,34.0,4.9,157.0,104.0,24.0,2.5,19310.0,0,0,0,0,True,False,False,False,False,True,False,True,False,False,False,False,False,False,False,False,False,False,False,False,False,False,/wiki/Blackhat_(film),http://www.imdb.com/title/tt2717822/,http://www.rottentomatoes.com/m/blackhat/,,7097125.0,43.2570511459,38.6666666667,71.9452429843,20.0,5.2
210,tt2719848,Everest,2015-09-25 00:00:00,"UK, USA, Iceland",English,PG-13,121.0,2015,7.2,56973,,,,,,,,,,0,0,0,0,False,True,False,True,False,False,False,True,False,False,False,False,False,False,False,False,False,False,False,False,False,False,/wiki/Everest_(2015_film),http://www.imdb.com/title/tt2719848/,http://www.rottentomatoes.com/m/everest_2015/,,38253250.0,42.3109886587,39.5,49.5742642026,13.0,7.2
212,tt2726560,The Longest Ride,2015-04-10 00:00:00,USA,English,PG-13,128.0,2015,7.1,35042,"The Longest Ride is less manipulative than the average Nicholas Sparks film, but it's still saccharine and hopelessly contrived -- not that it'll matter to the target audience.",32.0,30.0,4.3,107.0,75.0,73.0,3.9,28975.0,0,0,0,0,False,False,False,False,False,False,False,True,False,False,False,False,False,False,False,False,True,False,False,False,False,False,/wiki/The_Longest_Ride_(film),http://www.imdb.com/title/tt2726560/,http://www.rottentomatoes.com/m/the_longest_ride/,,37432299.0,50.5947980835,45.3333333333,46.2012320329,10.0,7.45
215,tt2820852,Furious 7,2015-04-03 00:00:00,"Japan, USA",English,PG-13,137.0,2015,7.3,239272,"Serving up a fresh round of over-the-top thrills while adding unexpected dramatic heft, Furious 7 keeps the franchise moving in more ways than one.",174.0,81.0,6.7,216.0,42.0,83.0,4.1,191573.0,0,0,0,0,True,False,False,False,False,True,False,False,False,False,False,False,False,False,False,False,False,False,False,True,False,False,/wiki/Furious_7,http://www.imdb.com/title/tt2820852/,http://www.rottentomatoes.com/m/furious_7/,,352786830.0,45.6163501734,40.3333333333,38.0971937029,12.0,7.75
218,tt2848292,Pitch Perfect 2,2015-05-15 00:00:00,USA,English,PG-13,115.0,2015,6.6,73604,"Pitch Perfect 2 sings in sweet comedic harmony, even if it doesn't hit quite as many high notes as its predecessor.",112.0,65.0,6.0,173.0,61.0,66.0,3.7,75912.0,0,0,0,0,False,False,False,False,True,False,False,False,False,False,False,False,True,False,False,False,False,False,False,False,False,False,/wiki/Pitch_Perfect_2,http://www.imdb.com/title/tt2848292/,http://www.rottentomatoes.com/m/pitch_perfect_2/,,183436380.0,28.3856458394,30.3333333333,41.2566735113,7.0,7.0
221,tt2870648,Amy,2015-07-03 00:00:00,"UK, USA",English,R,128.0,2015,8.0,10959,"As riveting as it is sad, Amy is a powerfully honest look at the twisted relationship between art and celebrity -- and the lethal spiral of addiction.",155.0,96.0,8.5,161.0,6.0,91.0,4.3,16418.0,0,0,0,0,False,False,False,True,False,False,True,False,False,False,False,False,True,False,False,False,False,False,False,False,False,False,/wiki/Amy_(2015_film),http://www.imdb.com/title/tt2870648/,http://www.rottentomatoes.com/m/amy_2015/,,8312696.0,37.1517225645,1.5,43.5017111567,15.0,8.3
229,tt2884018,Macbeth,2015-12-04 00:00:00,"UK, France, USA",English,,113.0,2015,7.5,7154,,,,,,,,,,0,0,0,0,False,False,False,False,False,False,False,True,False,False,False,False,False,False,False,False,False,False,False,False,True,False,/wiki/Macbeth_(2015_film),http://www.imdb.com/title/tt2884018/,http://www.rottentomatoes.com/m/macbeth_2015/,,,39.5876796715,62.5,41.3360711841,5.0,7.5
231,tt2908446,Insurgent,2015-03-20 00:00:00,USA,English,PG-13,119.0,2015,6.3,116955,"Shailene Woodley gives it her all, but Insurgent is still a resounding step back for a franchise struggling to distinguish itself from the dystopian YA crowd.",49.0,29.0,5.1,167.0,118.0,61.0,3.5,74239.0,0,0,0,0,False,True,False,False,False,False,False,False,False,False,False,False,False,False,False,False,False,True,False,True,False,False,/wiki/The_Divergent_Series:_Insurgent,http://www.imdb.com/title/tt2908446/,http://www.rottentomatoes.com/m/insurgent/,,129995817.0,33.0102669405,37.5,47.2142368241,11.0,6.65
233,tt2909116,Wolf Totem,2015-02-19 00:00:00,"China, France","Mandarin, Mongolian",PG-13,121.0,2015,6.6,2212,"As a visual experience, Wolf Totem boasts thrills that compensate for the significant narrative sacrifices made in bringing Jiang Rong's novel to the screen.",19.0,70.0,6.6,27.0,8.0,54.0,3.4,348.0,0,0,0,0,False,True,False,False,False,False,False,False,False,False,False,False,False,False,False,False,False,False,False,False,False,False,/wiki/Wolf_Totem_(film),http://www.imdb.com/title/tt2909116/,http://www.rottentomatoes.com/m/wolf_totem/,,210303.0,-0.758384668036,21.0,71.3867214237,14.0,6.7
234,tt2910904,The Dressmaker,1929-08-20 00:00:00,Australia,English,,118.0,2015,7.6,1519,,28.0,64.0,5.9,44.0,16.0,,,,0,0,0,0,False,False,False,False,False,False,False,True,False,False,False,False,False,False,False,False,False,False,False,False,False,False,/wiki/The_Dressmaker_(2015_film),http://www.imdb.com/title/tt2910904/,http://www.rottentomatoes.com/m/the_dressmaker/,,,-39.5013252852,49.6666666667,-31.0417522245,5.0,7.6
237,tt2917388,Kidnapping Mr. Heineken,2015-03-06 00:00:00,"Belgium, Netherlands, USA, UK","English, Dutch, German",R,95.0,2015,6.1,10427,,11.0,20.0,4.6,55.0,44.0,25.0,2.7,713.0,0,0,0,0,True,False,False,False,False,True,False,True,False,False,False,False,False,False,False,False,False,False,False,False,False,False,/wiki/Kidnapping_Freddy_Heineken,http://www.imdb.com/title/tt2917388/,,,46128.0,37.9816156714,40.3333333333,55.7864476386,22.0,5.75
240,tt2918436,The Lazarus Effect,2015-02-27 00:00:00,USA,English,PG-13,83.0,2015,5.2,22042,,,,,,,,3.0,52.0,0,0,0,0,False,False,False,False,False,False,False,False,False,False,False,True,False,False,False,False,False,True,False,True,False,False,/wiki/The_Lazarus_Effect_(2015_film),http://www.imdb.com/title/tt2918436/,http://www.rottentomatoes.com/m/the_lazarus_effect/,,25799043.0,32.105218438,38.6666666667,31.3675564682,11.0,5.6
243,tt2935476,Far from the Madding Crowd,2015-05-22 00:00:00,"UK, USA",English,PG-13,119.0,2015,7.1,18852,Far from the Madding Crowd invites tough comparisons to Thomas Hardy's classic novel -- and its previous adaptation -- but stands on its own thanks to strong direction and a talented cast.,128.0,85.0,7.4,150.0,22.0,77.0,3.8,16928.0,0,0,0,0,False,False,False,False,False,False,False,True,False,False,False,False,False,False,False,False,True,False,False,False,False,False,/wiki/Far_from_the_Madding_Crowd_(2015_film),http://www.imdb.com/title/tt2935476/,http://www.rottentomatoes.com/m/far_from_the_madding_crowd_2014/,,12229314.0,34.8932331955,36.5,46.006844627,19.0,7.35
245,tt2938956,The Transporter Refueled,2015-09-04 00:00:00,"France, China, Belgium",English,PG-13,96.0,2015,4.9,7925,"The Transporter Refueled has little to offer beyond a handful of decent action sequences, leaving this reboot's title feeling more like wishful thinking than a restatement of purpose.",15.0,17.0,3.8,89.0,74.0,32.0,2.7,11894.0,0,0,0,0,True,False,False,False,False,True,False,False,False,False,False,False,False,False,False,False,False,False,False,True,False,False,/wiki/The_Transporter_Refueled,http://www.imdb.com/title/tt2938956/,http://www.rottentomatoes.com/m/the_transporter_refueled/,,15923127.0,46.8807665982,30.0,35.9206023272,4.0,5.15
247,tt2948840,Life,2015-12-04 00:00:00,"UK, USA, Germany, Canada, Australia",English,R,111.0,2015,6.3,1611,,,,,,,,,,0,0,0,0,False,False,False,True,False,False,False,True,False,False,False,False,False,False,False,False,False,False,False,False,False,False,/wiki/Life_(2015_film),http://www.imdb.com/title/tt2948840/,http://www.rottentomatoes.com/m/life_2014/,,,29.5605749487,25.0,60.5420944559,19.0,6.3
248,tt2967224,Hot Pursuit,2015-05-08 00:00:00,USA,"English, Spanish",PG-13,87.0,2015,5.0,26140,"Shrill and unfunny, Hot Pursuit bungles what should have been an easy opportunity to showcase Reese Witherspoon and Sofia Vergara's likable odd-couple chemistry.",11.0,7.0,3.1,147.0,136.0,36.0,2.8,25378.0,0,0,0,0,True,False,False,False,True,True,False,False,False,False,False,False,False,False,False,False,False,False,False,False,False,False,/wiki/Hot_Pursuit_(2015_film),http://www.imdb.com/title/tt2967224/,http://www.rottentomatoes.com/m/dont_mess_with_texas_2014/,,34507079.0,41.6439549499,51.3333333333,49.0184804928,7.0,5.3
251,tt2974918,Alvin and the Chipmunks: The Road Chip,2015-12-18 00:00:00,USA,English,PG,86.0,2015,,,,,,,,,,,,0,0,0,0,False,True,True,False,True,False,False,False,False,False,False,False,False,False,False,False,False,False,False,False,False,False,/wiki/Alvin_and_the_Chipmunks:_The_Road_Chip,http://www.imdb.com/title/tt2974918/,,,,33.7477739335,54.75,47.2525667351,10.0,
255,tt2978576,Bill,2015-09-18 00:00:00,UK,English,,94.0,2015,6.9,240,,13.0,93.0,6.2,14.0,1.0,,,,0,0,0,0,False,False,False,False,False,False,False,False,True,False,False,False,False,False,False,False,False,False,False,False,False,False,/wiki/Bill_(2015_film),http://www.imdb.com/title/tt2978576/,http://www.rottentomatoes.com/m/771404658/,,,34.8309377139,30.0,45.8042436687,5.0,6.9
256,tt3013610,Mia Madre,2016-03-01 00:00:00,"Italy, France","Italian, English",,106.0,2015,7.0,2174,,,,,,,,,,0,0,0,6,False,False,False,False,False,False,False,True,False,False,False,False,False,False,False,False,False,False,False,False,False,False,/wiki/Mia_Madre,http://www.imdb.com/title/tt3013610/,http://www.rottentomatoes.com/m/mia_madre/,,3505053.0,57.0458590007,81.0,62.5325119781,24.0,7.0
258,tt3018070,Stonewall,2015-09-25 00:00:00,USA,English,R,129.0,2015,3.0,678,,,,,,,,,,0,0,0,0,False,False,False,False,False,False,False,True,False,False,True,False,False,False,False,False,True,False,False,False,False,False,/wiki/Stonewall_(2015_film),http://www.imdb.com/title/tt3018070/,http://www.rottentomatoes.com/m/stonewall_2015/,,186354.0,18.4279167972,29.5,59.8740588638,21.0,3.0
260,tt3045616,Mortdecai,2015-01-23 00:00:00,"UK, USA",English,R,107.0,2015,5.5,36146,"Aggressively strange and willfully unfunny, the misguided Mortdecai sounds a frightfully low note in Johnny Depp's post-Pirates filmography.",11.0,12.0,3.4,90.0,79.0,30.0,2.6,24746.0,0,0,0,0,True,False,False,False,True,False,False,False,False,False,False,False,False,False,True,False,False,False,False,False,False,False,/wiki/Mortdecai_(film),http://www.imdb.com/title/tt3045616/,,,7605668.0,46.4098784992,65.6666666667,51.6249144422,9.0,5.35
263,tt3076658,Creed,2015-11-25 00:00:00,USA,English,PG-13,133.0,2015,8.7,12419,,,,,,,,,,0,0,0,0,False,False,False,False,False,False,False,True,False,False,False,False,False,False,False,False,False,False,True,False,False,False,/wiki/Creed_(film),http://www.imdb.com/title/tt3076658/,http://www.rottentomatoes.com/m/creed_2015/,,,50.4254251193,47.0,29.5085557837,6.0,8.7
266,tt3079380,Spy,2015-06-05 00:00:00,USA,"English, French, Italian, German",R,119.0,2015,7.2,113509,"Simultaneously broad and progressive, Spy offers further proof that Melissa McCarthy and writer-director Paul Feig bring out the best in one another -- and delivers scores of belly laughs along the way.",197.0,93.0,7.2,211.0,14.0,80.0,3.9,76761.0,0,0,0,0,True,False,False,False,True,True,False,False,False,False,False,False,False,False,False,False,False,False,False,False,False,False,/wiki/Spy_(2015_film),http://www.imdb.com/title/tt3079380/,http://www.rottentomatoes.com/m/spy_2015/,,110822419.0,43.3544479705,49.5,52.7145790554,23.0,7.5
268,tt3083008,The Program,2015-09-16 00:00:00,"UK, France",English,,103.0,2015,6.5,1276,,,,,,,,,,0,0,0,0,False,False,False,True,False,False,False,True,False,False,False,False,False,False,False,False,False,False,True,False,False,False,/wiki/The_Program_(2015_film),http://www.imdb.com/title/tt3083008/,,,,32.6140798985,41.0,74.2395619439,61.0,6.5
271,tt3110770,Road Hard,2015-03-06 00:00:00,USA,English,,98.0,2015,6.1,1141,,12.0,55.0,5.6,22.0,10.0,77.0,4.0,2834.0,0,0,0,0,False,False,False,False,True,False,False,False,False,False,False,False,False,False,False,False,False,False,False,False,False,False,/wiki/Road_Hard,http://www.imdb.com/title/tt3110770/,http://www.rottentomatoes.com/m/road_hard/,,105943.0,50.7734428474,40.0,50.7734428474,4.0,7.05
272,tt3152624,Trainwreck,2015-07-17 00:00:00,USA,English,R,125.0,2015,6.5,47649,"Trainwreck drags commitment out of all but the most rom-com-phobic filmgoers with sharp humor, relatable characters, and hilarious work from Amy Schumer.",187.0,85.0,7.1,220.0,33.0,72.0,3.7,60548.0,0,0,0,0,False,False,False,False,True,False,False,False,False,False,False,False,False,False,False,False,True,False,False,False,False,False,/wiki/Trainwreck_(film),http://www.imdb.com/title/tt3152624/,http://www.rottentomatoes.com/m/trainwreck/,,110008260.0,34.1245722108,16.0,47.6112251882,14.0,6.95
273,tt3164256,Rock the Kasbah,2015-10-23 00:00:00,USA,English,R,106.0,2015,5.3,686,"The Shareef don't like Rock the Kasbah, and neither will viewers hoping for a film that manages to make effective use of Bill Murray's knack for playing lovably anarchic losers.",7.0,8.0,3.6,85.0,78.0,39.0,2.8,10510.0,0,0,0,0,False,False,False,False,True,False,False,False,False,False,False,False,True,False,False,False,False,False,False,False,False,False,/wiki/Rock_the_Kasbah_(film),http://www.imdb.com/title/tt3164256/,http://www.rottentomatoes.com/m/rock_the_kasbah/,,,54.3201146475,64.0,73.5468856947,39.0,5.45
275,tt3165612,Sleeping with Other People,2015-08-12 00:00:00,USA,English,R,101.0,2015,6.5,1564,"Sleeping with Other People has likable leads and flashes of inspiration, but seems unwilling or unable to surround them with the truly subversive rom-com they deserve.",59.0,61.0,6.1,97.0,38.0,64.0,3.5,4248.0,0,0,0,0,False,False,False,False,True,False,False,False,False,False,False,False,False,False,False,False,False,False,False,False,False,False,/wiki/Sleeping_with_Other_People,http://www.imdb.com/title/tt3165612/,http://www.rottentomatoes.com/m/sleeping_with_other_people/,,763004.0,36.067149393,47.5,-0.281998631075,2.0,6.75
277,tt3168230,Mr. Holmes,2015-07-17 00:00:00,"UK, USA","English, Japanese, French",PG,104.0,2015,7.1,18768,"Mr. Holmes focuses on the man behind the mysteries, and while it may lack Baker Street thrills, it more than compensates with tenderly wrought, well-acted drama.",134.0,87.0,7.1,154.0,20.0,74.0,3.8,28362.0,0,0,0,0,False,False,False,False,False,False,False,True,False,False,False,False,False,False,True,False,False,False,False,False,False,False,/wiki/Mr._Holmes,http://www.imdb.com/title/tt3168230/,http://www.rottentomatoes.com/m/mr_holmes/,,17693228.0,62.9272583227,84.6666666667,59.7344284736,18.0,7.35
280,tt3170832,Room,2015-11-25 00:00:00,"Ireland, Canada",English,R,118.0,2015,8.1,2137,,,,,,,,,,0,0,0,0,False,False,False,False,False,False,False,True,False,False,False,False,False,False,False,False,False,False,False,False,False,False,/wiki/Room_(2015_film),http://www.imdb.com/title/tt3170832/,http://www.rottentomatoes.com/m/room_2015/,,,37.939018248,53.0,48.9856262834,8.0,8.1
282,tt3172532,The Diary of a Teenage Girl,2015-08-28 00:00:00,USA,English,R,102.0,2015,7.2,2416,"Boldly unconventional and refreshingly honest, Diary of a Teenage Girl is a frank coming-of-age story that addresses its themes -- and its protagonist -- without judgment.",112.0,94.0,7.9,119.0,7.0,80.0,3.9,6649.0,0,0,0,3,False,False,False,False,False,False,False,True,False,False,False,False,False,False,False,False,True,False,False,False,False,False,/wiki/The_Diary_of_a_Teenage_Girl,http://www.imdb.com/title/tt3172532/,http://www.rottentomatoes.com/m/the_diary_of_a_teenage_girl/,,1471799.0,38.7622679462,49.0,35.9069130732,1.0,7.5
285,tt3181822,The Boy Next Door,2015-01-23 00:00:00,USA,English,R,91.0,2015,4.6,21905,"The Boy Next Door may get a few howls out of fans of stalker thrillers, but for most viewers, it won't even rise to ""so bad it's good"" status.",12.0,10.0,3.3,116.0,104.0,34.0,2.8,27879.0,0,0,0,0,False,False,False,False,False,False,False,False,False,False,False,False,False,False,True,False,False,False,False,True,False,False,/wiki/The_Boy_Next_Door_(film),http://www.imdb.com/title/tt3181822/,http://www.rottentomatoes.com/m/the_boy_next_door_2015/,,35385560.0,41.4647501711,27.0,65.8672142368,24.0,5.1
287,tt3195644,Insidious: Chapter 3,2015-06-05 00:00:00,"Canada, USA",English,PG-13,97.0,2015,6.2,39159,"Insidious: Chapter 3 isn't as terrifying as the original, although it boasts surprising thematic depth and is enlivened by another fine performance from Lin Shaye.",59.0,60.0,5.5,99.0,40.0,54.0,3.4,30636.0,0,0,0,0,False,False,False,False,False,False,False,False,False,False,False,True,False,False,False,False,False,False,False,True,False,False,/wiki/Insidious:_Chapter_3,http://www.imdb.com/title/tt3195644/,http://www.rottentomatoes.com/m/insidious_chapter_3_2015/,,52218558.0,31.4834476887,54.6666666667,38.379192334,1.0,6.5
290,tt3203606,Trumbo,2015-11-25 00:00:00,USA,English,R,124.0,2015,7.6,1780,,,,,,,,,,0,0,0,0,False,False,False,True,False,False,False,True,False,False,False,False,False,False,False,False,False,False,False,False,False,False,/wiki/Trumbo_(2015_film),http://www.imdb.com/title/tt3203606/,,,,59.7180013689,140.0,58.4476386037,16.0,7.6
291,tt3233418,Spare Parts,2015-06-05 00:00:00,USA,English,PG-13,83.0,2015,7.2,5985,,14.0,52.0,5.6,27.0,13.0,83.0,4.1,6439.0,0,0,0,0,False,False,False,False,False,False,False,True,False,False,False,False,False,False,False,False,False,False,False,False,False,False,/wiki/Spare_Parts_(film),http://www.imdb.com/title/tt3233418/,http://www.rottentomatoes.com/m/spare_parts_2015/,,3610933.0,51.3648390491,44.6666666667,53.0732375086,54.0,7.7
294,tt3268668,Captive,2015-09-18 00:00:00,USA,English,PG-13,97.0,2015,5.8,516,,,,,,,,,,0,0,0,0,False,False,False,False,False,True,False,True,False,False,False,False,False,False,False,False,False,False,False,True,False,False,/wiki/Captive_(2015_film),http://www.imdb.com/title/tt3268668/,http://www.rottentomatoes.com/m/captive_2015/,,2557668.0,47.5132329455,72.0,80.810403833,74.0,5.8
297,tt3294200,The Falling,2015-04-24 00:00:00,UK,English,,102.0,2014,5.5,2042,"Well-acted and overall unsettling, The Falling delivers thought-provoking thrills -- and suggests a bright future for writer-director Carol Morley.",21.0,78.0,7.0,27.0,6.0,41.0,2.9,1629.0,0,0,0,0,False,False,False,False,False,False,False,True,False,False,False,False,False,False,True,False,False,False,False,False,False,False,/wiki/The_Falling_(film),http://www.imdb.com/title/tt3294200/,,,359534.462492,36.3376905227,41.0,49.273100616,6.0,5.65
299,tt3312830,Youth,2015-12-04 00:00:00,"Italy, France, Switzerland, UK","English, Spanish, Swiss German",R,118.0,2015,7.5,13839,"Gorgeously filmed and beautifully acted, Youth offers an enticing -- albeit flawed -- opportunity to witness an impressive array of seasoned veterans combining their cinematic might.",27.0,79.0,7.5,34.0,7.0,,,,0,0,0,0,False,False,False,False,False,False,False,True,False,False,False,False,False,False,False,False,False,False,False,False,False,False,/wiki/Youth_(2015_film),http://www.imdb.com/title/tt3312830/,,,5995008.0,74.6458156901,118.0,45.5112936345,22.0,7.5
302,tt3316948,American Ultra,2015-08-21 00:00:00,"USA, Switzerland",English,R,96.0,2015,6.2,15843,"American Ultra has some interesting ideas, but like its stoned protagonist, it's too easily distracted to live up to its true potential.",63.0,44.0,5.4,142.0,79.0,48.0,3.2,15949.0,0,0,0,0,True,False,False,False,True,False,False,False,False,False,False,False,False,False,False,False,False,False,False,False,False,False,/wiki/American_Ultra,http://www.imdb.com/title/tt3316948/,http://www.rottentomatoes.com/m/american_ultra/,,14434604.0,34.9124448783,40.6666666667,37.7713894593,2.0,6.3
305,tt3319920,Regression,2016-02-05 00:00:00,"Spain, Canada",English,,106.0,2015,5.9,3109,,1.0,6.0,3.9,18.0,17.0,,2.6,3518.0,0,0,0,0,False,False,False,False,False,False,False,False,False,False,False,True,False,False,True,False,False,False,False,True,False,False,/wiki/Regression_(film),http://www.imdb.com/title/tt3319920/,,,,46.7001292874,57.0,43.8494182067,10.0,5.55
308,tt3321300,MI-5,2015-12-04 00:00:00,UK,English,R,104.0,2015,6.3,6517,,,,,,,,,,0,0,0,0,True,False,False,False,False,False,False,True,False,False,False,False,False,False,False,False,False,False,False,True,False,False,/wiki/Spooks:_The_Greater_Good,http://www.imdb.com/title/tt3321300/,http://www.rottentomatoes.com/m/spooks_the_greater_good/,,,62.1026694045,92.0,50.9212867899,19.0,6.3
309,tt3327624,Infini,2015-05-20 00:00:00,Australia,English,R,110.0,2015,5.4,7563,,5.0,36.0,4.9,14.0,9.0,34.0,2.8,733.0,0,0,0,0,False,False,False,False,False,False,False,False,False,False,False,True,False,False,False,False,False,True,False,True,False,False,/wiki/Infini,http://www.imdb.com/title/tt3327624/,,,,17.2772073922,15.0,-0.511978097194,4.0,5.5
311,tt3332064,Pan,2015-10-09 00:00:00,"USA, UK, Australia",English,PG,111.0,2015,6.0,9615,,,,,,,,,,0,0,0,0,False,True,False,False,False,False,False,False,True,True,False,False,False,False,False,False,False,False,False,False,False,False,/wiki/Pan_(2015_film),http://www.imdb.com/title/tt3332064/,http://www.rottentomatoes.com/m/pan_2015/,,15315435.0,37.3510518771,26.5,43.7700205339,12.0,6.0
315,tt3340908,Honey Night,2015-04-17 00:00:00,Republic of Macedonia,Macedonian,,,2015,7.5,32,,,,,,,,,,0,0,0,0,False,False,False,False,False,False,False,True,False,False,False,False,False,False,False,False,False,False,False,False,False,False,/wiki/Honey_Night,http://www.imdb.com/title/tt3340908/,,,,46.2286105407,25.0,49.8042436687,9.0,7.5
316,tt3369806,Max,2015-06-26 00:00:00,USA,English,PG,111.0,2015,6.8,12308,"Max has good intentions and tries to hearken back to classic family-friendly features, but its disjointed, manipulative plot overwhelms the efforts of its talented human and canine stars.",30.0,35.0,4.8,85.0,55.0,72.0,3.9,21710.0,0,0,0,0,False,True,False,False,False,False,False,False,True,False,False,False,False,False,False,False,False,False,False,False,False,False,/wiki/Max_(2015_film),http://www.imdb.com/title/tt3369806/,http://www.rottentomatoes.com/m/max_2016/,,42652003.0,47.6357982441,40.5,49.4811772758,8.0,7.3
318,tt3397884,Sicario,2015-10-02 00:00:00,USA,"English, Spanish",R,121.0,2015,8.0,42698,"Led by outstanding work from Emily Blunt and Benicio del Toro, Sicario is a taut, tightly wound thriller with much more on its mind than attention-getting set pieces.",189.0,93.0,8.0,204.0,15.0,88.0,4.1,41476.0,0,0,0,0,True,False,False,False,False,True,False,True,False,False,False,False,False,False,False,False,False,False,False,False,False,False,/wiki/Sicario_(2015_film),http://www.imdb.com/title/tt3397884/,,,26935340.0,44.1379950296,49.6666666667,47.9972621492,17.0,8.1
321,tt3450650,Paul Blart: Mall Cop 2,2015-04-17 00:00:00,USA,English,PG,94.0,2015,4.4,18597,"Bathed in flop sweat and bereft of purpose, Paul Blart: Mall Cop 2 strings together fat-shaming humor and Segway sight gags with uniformly unfunny results.",3.0,5.0,2.5,55.0,52.0,35.0,2.7,36428.0,0,0,0,0,True,False,False,False,True,True,False,False,False,False,False,False,False,False,False,False,False,False,False,False,False,False,/wiki/Paul_Blart:_Mall_Cop_2,http://www.imdb.com/title/tt3450650/,http://www.rottentomatoes.com/m/paul_blart_mall_cop_2/,,71038190.0,37.5744832307,25.0,-0.602327173169,13.0,4.9
323,tt3460252,The Hateful Eight,2016-01-08 00:00:00,USA,English,,182.0,2015,,,,,,,,,,,,0,0,0,0,False,False,False,False,False,False,False,False,False,False,False,False,False,False,False,False,False,False,False,False,False,True,/wiki/The_Hateful_Eight,http://www.imdb.com/title/tt3460252/,http://www.rottentomatoes.com/m/the_hateful_eight/,,,58.5801413009,98.3333333333,52.7857631759,17.0,
326,tt3464902,The Lobster,2015-10-16 00:00:00,"Ireland, UK, Greece, France, Netherlands, USA","English, French",,118.0,2015,7.7,7382,"As strange as it is thrillingly ambitious, The Lobster is definitely an acquired taste -- but for viewers with the fortitude to crack through Yorgos Lanthimos' offbeat sensibilities, it should prove a savory cinematic treat.",45.0,92.0,7.6,49.0,4.0,,,,0,0,0,0,False,False,False,False,True,False,False,False,False,False,False,False,False,False,False,False,True,True,False,False,False,False,/wiki/The_Lobster,http://www.imdb.com/title/tt3464902/,,,615408.0,47.8740859712,67.3333333333,42.7871321013,10.0,7.7
329,tt3488710,The Walk,2015-10-09 00:00:00,USA,"English, French",PG,123.0,2015,7.7,19298,"The Walk attempts a tricky balancing act between thrilling visuals and fact-based drama -- and like its wire-walking protagonist, pulls it off with impressive √©lan.",173.0,85.0,7.2,203.0,30.0,84.0,3.9,27658.0,0,0,0,0,False,True,False,True,False,False,False,True,False,False,False,False,False,False,False,False,False,False,False,False,False,False,/wiki/The_Walk_(2015_film),http://www.imdb.com/title/tt3488710/,http://www.rottentomatoes.com/m/to_reach_the_clouds_2017/,,6430676.0,34.6392881588,70.0,64.4052019165,26.0,7.75
330,tt3508840,The Assassin,2015-08-27 00:00:00,"Taiwan, China, Hong Kong, France",Mandarin,,105.0,2015,6.6,3263,,,,,,,,,,0,0,0,2,True,False,False,False,False,False,False,True,False,False,False,False,False,False,False,False,False,False,False,False,False,False,/wiki/The_Assassin_(2015_film),http://www.imdb.com/title/tt3508840/,http://www.rottentomatoes.com/m/the_assassin_2015/,,,37.5312343144,60.0,68.386036961,21.0,6.6
333,tt3567288,The Visit,2015-09-11 00:00:00,USA,English,PG-13,94.0,2015,6.4,25833,The Visit provides horror fans with a satisfying blend of thrills and laughs -- and also signals a welcome return to form for writer-director M. Night Shyamalan.,119.0,63.0,5.7,189.0,70.0,56.0,3.3,27622.0,0,0,0,0,False,False,False,False,False,False,False,False,False,False,False,True,False,False,False,False,False,False,False,True,False,False,/wiki/The_Visit_(2015_film),http://www.imdb.com/title/tt3567288/,,,61158030.0,51.8519950074,17.0,45.0978781656,14.0,6.5
336,tt3569230,Legend,2015-11-20 00:00:00,"UK, France",English,R,131.0,2015,7.5,14530,,,,,,,,,,0,0,0,0,False,False,False,True,False,True,False,False,False,False,False,False,False,False,False,False,False,False,False,True,False,False,/wiki/Legend_(2015_film),http://www.imdb.com/title/tt3569230/,http://www.rottentomatoes.com/m/legend_2015/,,,38.1793292266,48.0,54.8391512663,7.0,7.5
337,tt3585004,Zhongkui: Snow Girl and the Dark Crystal,2015-02-19 00:00:00,"China, Hong Kong, USA",Mandarin,,118.0,2015,5.1,594,,,,,,,26.0,2.7,221.0,0,0,0,0,False,False,False,False,False,False,False,False,False,True,False,False,False,False,False,False,False,False,False,False,False,False,/wiki/Zhong_Kui:_Snow_Girl_and_the_Dark_Crystal,http://www.imdb.com/title/tt3585004/,,,131076.0,47.8301554708,37.3333333333,63.1348391513,3.0,5.25
340,tt3595298,Prem Ratan Dhan Payo,2015-11-12 00:00:00,India,Hindi,,164.0,2015,5.3,6399,,,,,,,,,,0,0,0,0,False,False,False,False,False,False,False,True,False,False,False,False,False,False,False,False,True,False,False,False,False,False,/wiki/Prem_Ratan_Dhan_Payo,http://www.imdb.com/title/tt3595298/,http://www.rottentomatoes.com/m/prem_ratan_dhan_payo/,,,45.4003576185,43.0,50.4750171116,8.0,5.3
343,tt3605418,Knock Knock,2015-10-09 00:00:00,"Chile, USA","English, Spanish",R,99.0,2015,5.0,25102,"Knock Knock brings a lot of talent to bear on its satirical approach to torture horror, but not effectively enough to overcome its repetitive story or misguidedly campy tone.",19.0,32.0,5.2,59.0,40.0,22.0,2.3,5146.0,0,0,0,0,False,False,False,False,False,False,False,False,False,False,False,False,False,False,False,False,False,False,False,True,False,False,/wiki/Knock_Knock_(2015_film),http://www.imdb.com/title/tt3605418/,http://www.rottentomatoes.com/m/771412068/,,,44.5551917421,37.0,43.4743326489,14.0,4.8
346,tt3614530,Jem and the Holograms,2015-10-23 00:00:00,USA,English,PG,118.0,2015,3.2,1187,Jem and the Holograms ignores its source material's goofy charm in favor of bland by-the-numbers drama.,11.0,19.0,3.5,57.0,46.0,49.0,2.9,4499.0,0,0,0,0,False,True,False,False,False,False,False,True,False,True,False,False,False,False,False,False,False,False,False,False,False,False,/wiki/Jem_and_the_Holograms_(film),http://www.imdb.com/title/tt3614530/,http://www.rottentomatoes.com/m/jem_and_the_holograms_2015/,,,16.3345908346,14.3333333333,35.9726214921,13.0,4.5
349,tt3616916,The Wave,1929-08-20 00:00:00,Norway,Norwegian,,104.0,2015,7.2,1616,,,,,,,,,,0,0,0,0,True,False,False,False,False,False,False,True,False,False,False,False,False,False,False,False,False,False,False,True,False,False,/wiki/The_Wave_(2015_film),http://www.imdb.com/title/tt3616916/,,,,-40.0681380348,50.3333333333,-44.0136892539,11.0,7.2
352,tt3623668,Under Milk Wood,2015-10-30 00:00:00,UK,"English, Welsh",,87.0,2015,7.0,34,,5.0,31.0,5.1,16.0,11.0,,,,0,0,0,0,False,False,False,False,False,False,False,True,False,False,False,False,False,False,False,False,False,False,False,False,False,False,/wiki/Under_Milk_Wood_(2015_film),http://www.imdb.com/title/tt3623668/,,,,46.7840457968,36.6666666667,53.1225188227,8.0,7.0
355,tt3623726,Ricki and the Flash,2015-08-07 00:00:00,USA,English,PG-13,101.0,2015,6.0,6668,Meryl Streep's outstanding work helps Ricki and the Flash overcome its inconsistent tone and fairly predictable premise.,103.0,64.0,6.0,161.0,58.0,49.0,3.2,14272.0,0,0,0,0,False,False,False,False,True,False,False,True,False,False,False,False,True,False,False,False,False,False,False,False,False,False,/wiki/Ricki_and_the_Flash,http://www.imdb.com/title/tt3623726/,http://www.rottentomatoes.com/m/ricki_and_the_flash/,,26822144.0,66.1245722108,76.0,71.4551676934,57.0,6.2
356,tt3659388,The Martian,2015-10-02 00:00:00,"USA, UK","English, Mandarin",PG-13,144.0,2015,8.2,161007,"Smart, thrilling, and surprisingly funny, The Martian offers a faithful adaptation of the bestselling book that brings out the best in leading man Matt Damon and director Ridley Scott.",249.0,93.0,7.9,268.0,19.0,93.0,4.3,93290.0,0,0,0,0,False,True,False,False,True,False,False,True,False,False,False,False,False,False,False,False,False,False,False,False,False,False,/wiki/The_Martian_(film),http://www.imdb.com/title/tt3659388/,http://www.rottentomatoes.com/m/the_martian/,,108715595.0,42.492998517,64.0,77.8370978782,36.0,8.4
359,tt3682448,Bridge of Spies,2015-10-16 00:00:00,"USA, India, Germany","English, German, Russian",PG-13,141.0,2015,8.1,17594,"Bridge of Spies finds new life in Hollywood's classic Cold War espionage thriller formula, thanks to reliably outstanding work from Steven Spielberg and Tom Hanks.",209.0,92.0,7.8,228.0,19.0,90.0,4.2,38652.0,0,0,0,0,False,False,False,True,False,False,False,True,False,False,True,False,False,False,False,False,False,False,False,False,False,False,/wiki/Bridge_of_Spies_(film),http://www.imdb.com/title/tt3682448/,http://www.rottentomatoes.com/m/bridge_of_spies/,,,55.742642026,25.0,68.8268309377,55.0,8.25
360,tt3704050,Remember,2016-01-15 00:00:00,"Canada, Germany","English, German",R,95.0,2015,7.2,268,,,,,,,,,,0,0,0,0,False,False,False,False,False,False,False,True,False,False,False,False,False,False,False,False,False,False,False,True,False,False,/wiki/Remember_(2015_film),http://www.imdb.com/title/tt3704050/,,,,76.8636478259,177.333333333,55.4907597536,39.0,7.2
363,tt3707106,By the Sea,2015-12-09 00:00:00,"USA, France","English, French",R,132.0,2015,5.7,542,,,,,,,,,,0,0,0,0,False,False,False,False,False,False,False,True,False,False,False,False,False,False,False,False,True,False,False,False,False,False,/wiki/By_the_Sea_(2015_film),http://www.imdb.com/title/tt3707106/,http://www.rottentomatoes.com/m/by_the_sea_2015/,,,44.0538672142,53.3333333333,40.514715948,5.0,5.7
366,tt3715320,Irrational Man,2015-08-07 00:00:00,USA,English,R,95.0,2015,6.8,8689,"Irrational Man may prove rewarding for the most ardent Joaquin Phoenix fans or Woody Allen apologists, but all others most likely need not apply.",65.0,42.0,5.4,156.0,91.0,53.0,3.3,4487.0,0,0,0,0,False,False,False,False,False,False,False,True,False,False,False,False,False,False,True,False,False,False,False,False,False,False,/wiki/Irrational_Man_(film),http://www.imdb.com/title/tt3715320/,,,3996947.0,34.7141903482,40.5,79.6824093087,52.0,6.7
368,tt3722070,The Lady in the Van,2016-01-15 00:00:00,UK,English,PG-13,104.0,2015,6.4,425,,16.0,100.0,7.0,16.0,0.0,,4.1,1106.0,0,0,0,0,False,False,False,True,False,False,False,True,False,False,False,False,False,False,False,False,False,False,False,False,False,False,/wiki/The_Lady_in_the_Van,http://www.imdb.com/title/tt3722070/,http://www.rottentomatoes.com/m/the_lady_in_the_van_2015/,,,63.7427861234,66.5,59.6906228611,6.0,7.3
370,tt3735246,Bajirao Mastani,2015-12-18 00:00:00,India,Hindi,,,2015,,,,,,,,,,,,0,0,0,0,False,False,False,False,False,False,False,True,False,False,True,False,False,False,False,False,True,False,False,False,False,False,/wiki/Bajirao_Mastani_(film),http://www.imdb.com/title/tt3735246/,,,,32.0323927739,29.6666666667,52.8131416838,9.0,
373,tt3742378,The Second Mother,2015-08-28 00:00:00,Brazil,Portuguese,R,112.0,2015,8.2,3036,"The Second Mother's compelling characters serve an artfully drawn, thought-provoking story that's beautifully brought to life by a talented cast.",63.0,95.0,8.0,66.0,3.0,95.0,4.5,1367.0,0,0,0,0,False,False,False,False,False,False,False,True,False,False,False,False,False,False,False,False,False,False,False,False,False,False,/wiki/The_Second_Mother_(2015_film),http://www.imdb.com/title/tt3742378/,http://www.rottentomatoes.com/m/que_horas_ela_volta/,,335281.0,61.5030800821,36.0,51.3511293634,9.0,8.6
374,tt3774092,Amnesia,2015-08-19 00:00:00,"Switzerland, France","German, Spanish, English",,96.0,2015,5.5,106,,,,,,,,,,0,0,0,0,False,False,False,False,False,False,False,True,False,False,False,False,False,False,False,False,False,False,False,False,False,False,/wiki/Amnesia_(2015_film),http://www.imdb.com/title/tt3774092/,,,,63.1271137428,86.0,73.9794661191,22.0,5.5
377,tt3781476,Monster Hunt,2015-07-16 00:00:00,"China, Hong Kong",Mandarin,,111.0,2015,6.3,1229,,,,,,,48.0,3.2,111.0,0,0,0,0,True,False,False,False,True,False,False,False,False,True,False,False,False,False,False,False,False,False,False,False,False,False,/wiki/Monster_Hunt,http://www.imdb.com/title/tt3781476/,,,384752329.0,43.0634169568,23.0,52.5366187543,8.0,6.35
379,tt3787590,We Are Your Friends,2015-08-28 00:00:00,"UK, France, USA",English,R,96.0,2015,5.9,7502,,,,,,,,,,0,0,0,0,False,False,False,False,False,False,False,True,False,False,False,False,True,False,False,False,True,False,False,False,False,False,/wiki/We_Are_Your_Friends_(film),http://www.imdb.com/title/tt3787590/,http://www.rottentomatoes.com/m/we_are_your_friends/,,3590010.0,31.8781073878,31.3333333333,-0.23819301848,13.0,5.9
382,tt3792960,The Brand New Testament,2015-09-01 00:00:00,"Belgium, France, Luxembourg","French, German",,113.0,2015,7.1,1577,,,,,,,,,,0,0,0,0,False,False,False,False,True,False,False,False,False,False,False,False,False,False,False,False,False,False,False,False,False,False,/wiki/The_Brand_New_Testament,http://www.imdb.com/title/tt3792960/,,,,65.2788224165,89.0,58.5571526352,15.0,7.1
384,tt3808342,Son of Saul,2015-12-18 00:00:00,Hungary,"Hungarian, Yiddish, German, Polish",R,107.0,2015,7.9,2558,"Grimly intense yet thoroughly rewarding, Son of Saul offers an unforgettable viewing experience -- and establishes director L√°szl√≥ Nemes as a talent to watch.",35.0,95.0,8.6,37.0,2.0,,,,0,0,0,0,False,False,False,False,False,False,False,True,False,False,False,True,False,False,False,False,False,False,False,True,False,False,/wiki/Son_of_Saul,http://www.imdb.com/title/tt3808342/,,,,37.9137577002,18.0,38.8281998631,4.0,7.9
385,tt3850590,Krampus,2015-12-04 00:00:00,USA,English,PG-13,,2015,,,,,,,,,,,,0,0,0,0,False,False,False,False,True,False,False,False,False,True,False,True,False,False,False,False,False,False,False,False,False,False,/wiki/Krampus_(film),http://www.imdb.com/title/tt3850590/,http://www.rottentomatoes.com/m/krampus/,,,47.7620707612,100.333333333,41.1006160164,6.0,
388,tt3862750,The Perfect Guy,2015-09-11 00:00:00,USA,English,PG-13,100.0,2015,5.0,2098,"The Perfect Guy threatens to tip into enjoyably depraved territory, but ultimately settles for timid thriller clich√©s.",7.0,19.0,3.9,37.0,30.0,57.0,3.4,16862.0,0,0,0,0,False,False,False,False,False,False,False,True,False,False,False,False,False,False,False,False,False,False,False,True,False,False,/wiki/The_Perfect_Guy_(2015_film),http://www.imdb.com/title/tt3862750/,http://www.rottentomatoes.com/m/the_perfect_guy/,,54737351.0,44.4351026964,42.3333333333,46.46954141,9.0,5.9
391,tt3865478,11 Minutes,2015-10-23 00:00:00,"Poland, Ireland","Polish, English",,81.0,2015,5.9,226,,,,,,,,,,0,0,0,0,False,False,False,False,False,False,False,True,False,False,False,False,False,False,False,False,False,False,False,True,False,False,/wiki/11_Minutes_(film),http://www.imdb.com/title/tt3865478/,,,,38.7605648085,36.0,77.4674880219,23.0,5.9
394,tt3921314,Muhammad: The Messenger of God,2015-08-29 00:00:00,Iran,"Arabic, English, Persian",,178.0,2015,8.6,2749,,,,,,,,,,0,0,0,0,False,False,False,True,False,False,False,True,False,False,True,False,False,False,False,False,False,False,False,False,False,False,/wiki/Muhammad:_The_Messenger_of_God_(film),http://www.imdb.com/title/tt3921314/,,,,35.8959616701,8.0,56.6570841889,17.0,8.6
395,tt4000870,Addicted to Fresno,2015-09-01 00:00:00,USA,English,NOT RATED,85.0,2015,5.5,752,,7.0,33.0,4.2,21.0,14.0,30.0,2.6,286.0,0,0,0,0,False,False,False,False,True,False,False,False,False,False,False,False,False,False,False,False,False,False,False,False,False,False,/wiki/Addicted_to_Fresno,http://www.imdb.com/title/tt4000870/,,,,37.7335532591,81.3333333333,44.7912388775,60.0,5.35
398,tt4010918,The Throne,2015-09-16 00:00:00,South Korea,Korean,,125.0,2015,7.2,148,,,,,,,,,,0,0,0,0,False,False,False,False,False,False,False,True,False,False,True,False,False,False,False,False,False,False,False,False,False,False,/wiki/The_Throne_(film),http://www.imdb.com/title/tt4010918/,,,,38.4992089407,20.3333333333,55.9753593429,9.0,7.2
401,tt4056738,Do You Believe?,2015-03-20 00:00:00,USA,English,PG-13,120.0,2015,5.7,3974,,3.0,18.0,4.2,17.0,14.0,84.0,4.2,10715.0,0,0,0,0,False,False,False,False,False,False,False,True,False,False,False,False,False,False,False,False,False,False,False,False,False,False,/wiki/Do_You_Believe%3F_(film),http://www.imdb.com/title/tt4056738/,http://www.rottentomatoes.com/m/do_you_believe/,,12985267.0,44.0629705681,125.0,41.7193702943,5.0,7.05
402,tt4074958,Somewhere Only We Know,2015-02-13 00:00:00,China,"Mandarin, English",,109.0,2015,5.3,369,,,,,,,,,,0,0,0,0,False,False,False,False,False,False,False,True,False,False,False,False,False,False,False,False,True,False,False,False,False,False,/wiki/Somewhere_Only_We_Know_(film),http://www.imdb.com/title/tt4074958/,,,,-0.774811772758,5.0,40.8295687885,6.0,5.3
403,tt4163644,The Sweet Escape,2015-06-10 00:00:00,France,French,,105.0,2015,6.8,266,,,,,,,,,,0,0,0,0,False,False,False,False,True,False,False,False,False,False,False,False,False,False,False,False,False,False,False,False,False,False,/wiki/The_Sweet_Escape_(film),http://www.imdb.com/title/tt4163644/,,,,48.3544272292,44.0,54.2477754962,14.0,6.8
405,tt4178092,The Gift,2015-08-07 00:00:00,"Australia, USA",English,R,108.0,2015,7.2,44087,"The Gift is wickedly smart and playfully subversive, challenging the audience's expectations while leaving them leaning on the edges of their seats.",135.0,93.0,7.5,145.0,10.0,77.0,3.8,43931.0,0,0,0,0,False,False,False,False,False,False,False,False,False,False,False,False,False,False,True,False,False,False,False,True,False,False,/wiki/The_Gift_(2015_film),http://www.imdb.com/title/tt4178092/,http://www.rottentomatoes.com/m/the_gift_2015/,,43771291.0,42.1584759297,60.0,41.1225188227,3.0,7.4
408,tt4191054,Strange Magic,2015-01-23 00:00:00,USA,English,PG,99.0,2015,5.7,4552,"Like most modern animated movies, Strange Magic is lovely to look at; unfortunately, there isn't much going on beneath the surface.",9.0,17.0,3.8,54.0,45.0,50.0,3.2,11602.0,0,0,0,0,False,False,True,False,False,False,False,False,True,True,False,False,False,False,False,False,False,False,False,False,False,False,/wiki/Strange_Magic_(film),http://www.imdb.com/title/tt4191054/,http://www.rottentomatoes.com/m/strange_magic/,,12427046.0,27.6671940396,30.5,55.5701574264,4.0,6.05
410,tt4208812,Rams,2015-05-28 00:00:00,Iceland,Icelandic,,93.0,2015,7.6,224,,,,,,,,,,0,0,0,0,False,False,False,False,False,False,False,True,False,False,False,False,False,False,False,False,False,False,False,False,False,False,/wiki/Rams_(film),http://www.imdb.com/title/tt4208812/,,,,50.7816563997,11.0,38.4010951403,7.0,7.6
411,tt4285496,Embrace of the Serpent,2016-02-17 00:00:00,"Colombia, Venezuela, Argentina","Spanish, Portuguese, German, Catalan, Latin",,125.0,2015,8.2,777,,,,,,,,,,0,0,0,0,False,True,False,False,False,False,False,True,False,False,False,False,False,False,False,False,False,False,False,False,False,False,/wiki/Embrace_of_the_Serpent,http://www.imdb.com/title/tt4285496/,http://www.rottentomatoes.com/m/embrace_of_the_serpent/,,,49.1389459274,25.0,35.0280629706,3.0,8.2
412,tt4320966,Jackpot,2015-02-13 00:00:00,Vietnam,Vietnamese,,,2015,5.9,14,,,,,,,,,,0,0,0,0,False,False,False,False,True,False,False,False,False,False,False,False,False,False,False,False,False,False,False,False,False,False,/wiki/Jackpot_(2015_film),http://www.imdb.com/title/tt4320966/,,,,52.4079397673,46.0,52.4079397673,3.0,5.9
413,tt4337690,90 Minutes in Heaven,2015-09-11 00:00:00,USA,English,PG-13,121.0,2015,4.6,670,,,,,,,,,,0,0,0,0,False,False,False,False,False,False,False,True,False,False,False,False,False,False,False,False,False,False,False,False,False,False,/wiki/90_Minutes_in_Heaven_(film),http://www.imdb.com/title/tt4337690/,,,4700361.0,33.5045920296,33.5,44.8651608487,11.0,4.6
415,tt4344878,Miss Granny,2015-01-16 00:00:00,"China, South Korea",Mandarin,,131.0,2015,6.8,473,,,,,,,89.0,4.3,86.0,0,0,0,0,False,False,False,False,True,False,False,False,False,False,False,False,False,False,False,False,False,False,False,False,False,False,/wiki/20_Once_Again,http://www.imdb.com/title/tt4344878/,,,234573.0,31.3894592745,40.0,33.8726899384,7.0,7.7
416,tt4375438,The Club,2015-05-28 00:00:00,Chile,Spanish,,98.0,2015,7.4,1148,,,,,,,,,,0,0,0,0,False,False,False,False,False,False,False,True,False,False,False,False,False,False,False,False,False,False,False,False,False,False,/wiki/The_Club_(2015_film),http://www.imdb.com/title/tt4375438/,,,,-0.490075290897,49.0,38.7707049966,9.0,7.4
417,tt4411504,The Clan,2015-08-13 00:00:00,"Argentina, Spain",Spanish,R,110.0,2015,7.3,1989,,,,,,,,,,0,0,0,0,False,False,False,True,False,True,False,True,False,False,False,False,False,False,False,False,False,False,False,False,False,False,/wiki/The_Clan_(2015_film),http://www.imdb.com/title/tt4411504/,,,,60.4928131417,50.0,43.8576317591,17.0,7.3
418,tt4535650,Dilwale,2015-12-18 00:00:00,India,"Indian Sign Language, Hindi",,158.0,2015,,,,,,,,,,,,0,0,0,0,True,False,False,False,True,True,False,False,False,False,False,False,False,False,False,False,False,False,False,False,False,False,/wiki/Dilwale_(2015_film),http://www.imdb.com/title/tt4535650/,,,,47.5737144767,63.5,41.7631759069,12.0,
420,tt4691166,7 Letters,2015-07-24 00:00:00,Singapore,"English, Malay, Hokkien, Mandarin, Malayalam",,,2015,8.3,47,,,,,,,,,,0,0,0,0,False,False,False,False,False,False,False,True,False,False,False,False,False,False,False,False,False,False,False,False,False,False,/wiki/7_Letters,http://www.imdb.com/title/tt4691166/,,,,51.3730321697,61.0,31.6358658453,6.0,8.3
421,tt4897822,Where to Invade Next,2015-10-02 00:00:00,USA,"English, Italian, French, German, Finnish, Norwegian, Portuguese, Arabic",,110.0,2015,6.4,245,,,,,,,,,,0,0,0,0,False,False,False,False,False,False,True,False,False,False,False,False,False,False,False,False,False,False,False,False,False,False,/wiki/Where_to_Invade_Next,http://www.imdb.com/title/tt4897822/,http://www.rottentomatoes.com/m/where_to_invade_next/,,,61.4428473648,4.0,61.4428473648,16.0,6.4
