,Birthplace,DOB,Name,credits,wins,age
0,"Philadelphia, Pennsylvania, USA",1924-6-25,Sidney Lumet,73,"Nominated for
        5
        Oscars.",91.4113620808
1,"Queens, New York City, New York, USA",1942-11-17,Martin Scorsese,59,"Won
        1
        Oscar.",73.015742642
2,"New York City, New York, USA",1930-8-21,Frank Perry,21,"Nominated for
        1
        Oscar.",85.2566735113
3,"New York City, New York, USA",1963-12-16,James Mangold,14,5 wins & 4 nominations.,51.9370294319
4,"Wilkes-Barre, Pennsylvania, USA",1909-2-11,Joseph L. Mankiewicz,22,"Won
        4
        Oscars.",106.778918549
5,"Grand Forks, British Columbia, Canada",1908-9-4,Edward Dmytryk,56,"Nominated for
        1
        Oscar.",107.216974675
6,"Croydon, Surrey, England, UK",1908-3-25,David Lean,19,"Won
        2
        Oscars.",107.663244353
7,"Philadelphia, Pennsylvania, USA",1912-5-18,Richard Brooks,26,"Won
        1
        Oscar.",103.515400411
8,"Atlanta, Georgia, USA",1957-3-20,Spike Lee,63,"Nominated for
        2
        Oscars.",58.6776180698
9,"Winchester, Indiana, USA",1914-9-10,Robert Wise,41,"Won
        4
        Oscars.",101.201916496
10,"Constantinople, Ottoman Empire [now Istanbul, Turkey]",1909-9-7,Elia Kazan,21,"Won
        2
        Oscars.",106.209445585
11,"Berkeley, California, USA",1928-6-7,James Ivory,34,"Nominated for
        3
        Oscars.",87.4606433949
12,"Tehran, Iran",1941-8-26,Barbet Schroeder,22,"Nominated for
        1
        Oscar.",74.2422997947
13,"London, England, UK",1920-3-6,Lewis Gilbert,41,"Nominated for
        1
        Oscar.",95.7152635181
14,"New York City, New York, USA",1929-12-9,John Cassavetes,16,"Nominated for
        3
        Oscars.",85.954825462
15,"Brooklyn, New York City, New York, USA",1927-5-13,Herbert Ross,25,"Nominated for
        2
        Oscars.",88.5311430527
16,1958,1958-1-1,Douglas McGrath,7 ,"Nominated for
        1
        Oscar.",57.8918548939
17,"Tulsa, Oklahoma, USA",1922-7-26,Blake Edwards,52,"Nominated for
        1
        Oscar.",93.3278576318
18,"Kishinev, Russian Empire [now Chisinau, Moldova]",1895-9-30,Lewis Milestone,52,"Won
        2
        Oscars.",120.145106092
19,"Clinton, Massachusetts, USA",1890-5-10,Clarence Brown,53,"Nominated for
        6
        Oscars.",125.535934292
20,"Bangalore, Karnataka, British India [now India]",1923-4-17,Lindsay Anderson,35,"Nominated for
        1
        BAFTA Film Award.",92.6023271732
21,"Toronto, Ontario, Canada",1926-7-21,Norman Jewison,42,"Nominated for
        7
        Oscars.",89.3415468857
22,"The Bronx, New York City, New York, USA",1947-3-6,Rob Reiner,25,"Nominated for
        1
        Oscar.",68.7173169062
23,"Sucha, Galicia, Austria-Hungary [now Sucha Beskidzka, Malopolskie, Poland]",1906-6-22,Billy Wilder,27,"Won
        6
        Oscars.",109.420944559
24,"Duncan, Oklahoma, USA",1954-3-1,Ron Howard,38,"Won
        2
        Oscars.",61.7303216975
25,"Chicago, Illinois, USA",1889-10-7,Robert Z. Leonard,16,"Nominated for
        2
        Oscars.",126.124572211
26,"Omaha, Nebraska, USA",1935-5-24,Joan Micklin Silver,20,6 wins & 3 nominations.,80.501026694
27,"San Francisco, California, USA",1900-10-15,Mervyn LeRoy,78,"Nominated for
        1
        Oscar.",115.104722793
28,"Rosehill, Carshalton, Surrey, England, UK",1933-1-18,John Boorman,31,"Nominated for
        5
        Oscars.",82.8446269678
29,"Texarkana, Texas, USA",1908-10-5,Joshua Logan,11,"Nominated for
        3
        Oscars.",107.1321013
30,"Antwerp, Antwerp, Belgium",1929-1-9,Ulu Grosbard,7 ,1 win & 2 nominations.,86.8692676249
31,"Yekaterinoslav, Ukrainian SSR, USSR [now Dnipropetrovsk, Ukraine]",1923-10-18,Boris Sagal,98,"Nominated for
        4
        Primetime Emmys.",92.0985626283
32,"Goshen, Indiana, USA",1896-5-30,Howard Hawks,47,"Nominated for
        1
        Oscar.",119.47980835
33,"Denver, Colorado, USA",1962-8-28,David Fincher,25,"Nominated for
        2
        Oscars.",53.2375085558
34,"Houston, Texas, USA",1960-7-30,Richard Linklater,25,"Nominated for
        5
        Oscars.",55.3155373032
35,"New York City, New York, USA",1932-7-18,Robert Ellis Miller,56,"Nominated for
        1
        Primetime Emmy.",83.3483915127
36,"Leicester, Leicestershire, England, UK",1941-6-20,Stephen Frears,61,"Nominated for
        2
        Oscars.",74.4257357974
37,"London, England, UK",1898-1-16,Irving Rapper,22,1 nomination.,117.848049281
38,"Toledo, Ohio, USA",1887-12-23,John Cromwell,49,1 win & 4 nominations.,127.915126626
39,"Bisacquino, Sicily, Italy",1897-5-18,Frank Capra,58,"Won
        3
        Oscars.",118.513347023
40,"Vienna, Georgia, USA",1906-7-16,Vincent Sherman,56,0,109.35523614
41,"Oakland, California, USA",1904-12-18,George Stevens,58,"Won
        2
        Oscars.",110.929500342
42,"Brooklyn, New York City, New York, USA",1935-12-1,Woody Allen,52,"Won
        4
        Oscars.",79.9780971937
43,"Los Angeles, California, USA",1889-6-11,Wesley Ruggles,83,"Nominated for
        1
        Oscar.",126.447638604
44,"Hampstead, London, England, UK",1913-10-28,Peter Glenville,7 ,"Nominated for
        1
        Oscar.",102.069815195
45,"Berlin, Germany",1905-5-1,Henry Koster,49,"Nominated for
        1
        Oscar.",110.562628337
46,"Philadelphia, Pennsylvania, USA",1883-7-10,Sam Wood,82,"Nominated for
        3
        Oscars.",132.369609856
47,"Lahore, Punjab, British India [now Pakistan]",1945-12-6,Shekhar Kapur,11,"Nominated for
        1
        Golden Globe.",69.9630390144
48,"Florence, Tuscany, Italy",1923-2-12,Franco Zeffirelli,23,"Nominated for
        2
        Oscars.",92.7775496235
49,"London, England, UK",1970-7-30,Christopher Nolan,12,"Nominated for
        3
        Oscars.",45.3169062286
50,"New York City, New York, USA",1928-7-26,Stanley Kubrick,16,"Won
        1
        Oscar.",87.3264887064
51,"Illertissen, Bavaria, Germany",1969-11-30,Marc Forster,13,"Nominated for
        1
        Golden Globe.",45.9794661191
52,"Towanda, Pennsylvania, USA",1892-3-10,Gregory La Cava,17,"Nominated for
        2
        Oscars.",123.701574264
53,USA,1972-8-24,Ava DuVernay,14,"Nominated for
        1
        Golden Globe.",43.2470910335
54,"Griffith, New South Wales, Australia",1950-4-29,Phillip Noyce,52,22 wins & 9 nominations.,65.568788501
55,"Carthage, New York, USA",1948-1-16,John Carpenter,28,13 wins & 18 nominations.,67.8521560575
56,"Aldershot, Hampshire, England, UK",1929-7-24,Peter Yates,28,"Nominated for
        4
        Oscars.",86.3326488706
57,"New York City, New York, USA",1899-7-7,George Cukor,67,"Won
        1
        Oscar.",116.377823409
58,"New York City, New York, USA",1907-12-15,Gordon Douglas,98,0,107.939767283
59,"Montreal, Quebec, Canada",1963-3-9,Jean-Marc Vallée,14,"Nominated for
        1
        Oscar.",52.7091033539
60,"New York City, New York, USA",1941-6-26,Lynne Littman,11,"Won
        1
        Oscar.",74.4093086927
61,"Long Beach, Long Island, New York, USA",1950-3-1,Phil Alden Robinson,8 ,"Nominated for
        1
        Oscar.",65.7303216975
62,"Cambridge, Cambridgeshire, England, UK",1923-8-29,Richard Attenborough,12,"Won
        2
        Oscars.",92.2354551677
63,"New Haven, Connecticut, USA",1946-8-17,Martha Coolidge,51,"Nominated for
        1
        Primetime Emmy.",69.2676249144
64,"Manchester, England, UK",1956-5-7,Nicholas Hytner,6 ,"Nominated for
        1
        BAFTA Film Award.",59.5455167693
65,"The Bronx, New York City, New York, USA",1925-8-23,Robert Mulligan,34,"Nominated for
        1
        Oscar.",90.250513347
66,"North Bergen, New Jersey, USA",1940-5-9,James L. Brooks,6 ,"Won
        3
        Oscars.",75.5400410678
67,"Mülhausen, Alsace, Germany [now Mulhouse, Haut-Rhin, France]",1902-7-1,William Wyler,72,"Won
        3
        Oscars.",113.396303901
68,"New York City, New York, USA",1939-2-3,Michael Cimino,8 ,"Won
        2
        Oscars.",76.8021902806
69,"New York City, New York, USA",1971-5-14,Sofia Coppola,9 ,"Won
        1
        Oscar.",44.5284052019
70,"Aylesbury, Buckinghamshire, England, UK",1941-2-10,Michael Apted,76,19 wins & 15 nominations.,74.7816563997
71,"Chicago, Illinois, USA",1946-11-21,Andrew Davis,15,"Nominated for
        1
        Golden Globe.",69.0047912389
72,"Cincinnati, Ohio, USA",1946-12-18,Steven Spielberg,55,"Won
        3
        Oscars.",68.9308692676
73,"Budapest, Austria-Hungary [now Hungary]",1886-12-24,Michael Curtiz,17,"Won
        1
        Oscar.",128.911704312
74,"Hereford, England, UK",1944-5-25,Frank Oz,15,"Won
        1
        Primetime Emmy.",71.4962354552
75,"Dorset, England, UK",1961-5-2,Stephen Daldry,10,"Nominated for
        3
        Oscars.",54.559890486
76,"Tenafly, New Jersey, USA",1950-11-28,Ed Harris,2 ,"Nominated for
        4
        Oscars.",64.9856262834
77,"Berlin, Germany",1931-11-6,Mike Nichols,22,"Won
        1
        Oscar.",84.0465434634
78,"Minneapolis, Minnesota, USA",1957-9-21,Ethan Coen,19,"Won
        4
        Oscars.",58.1711156742
79,"Brooklyn, New York City, New York, USA",1927-8-11,Stuart Rosenberg,45,"Won
        1
        Primetime Emmy.",88.2847364819
80,"Philadelphia, Pennsylvania, USA",1962-5-2,Tamara Jenkins,6 ,"Nominated for
        1
        Oscar.",53.5605749487
81,"London, England, UK",1921-4-16,Peter Ustinov,9 ,"Won
        2
        Oscars.",94.6036960986
82,"St. Marys, Ohio, USA",1893-6-16,William K. Howard,54,1 win.,122.43394935
83,"San Francisco, California, USA",1930-5-31,Clint Eastwood,38,"Won
        4
        Oscars.",85.4811772758
84,"Toronto, Ontario, Canada",1885-4-3,Allan Dwan,40,2 wins.,130.636550308
85,"New York City, New York, USA",1887-3-11,Raoul Walsh,13,2 wins & 5 nominations.,128.700889802
86,"Debowa Góra, Poland, Russian Empire [now Debowa Góra, Lódzkie, Poland]",1889-2-4,Richard Boleslawski,24,1 win & 1 nomination.,126.795345654
87,"New York City, New York, USA",1930-2-19,John Frankenheimer,51,"Nominated for
        2
        Golden Globes.",85.7577002053
88,"Berkeley, California, USA",1966-1-1,Mike Mills,10,5 wins & 11 nominations.,49.8918548939
89,"Vienna, Austria-Hungary [now Austria]",1907-4-29,Fred Zinnemann,47,"Won
        4
        Oscars.",108.569472964
90,"San Francisco, California, USA",1897-1-3,Dorothy Arzner,21,1 win.,118.882956879
91,"Brooklyn, New York City, New York, USA",1911-11-17,Charles Walters,29,"Nominated for
        1
        Oscar.",104.016427105
92,"The Bronx, New York City, New York, USA",1928-4-7,Alan J. Pakula,16,"Nominated for
        3
        Oscars.",87.627652293
93,"Calzada de Calatrava, Ciudad Real, Castilla-La Mancha, Spain",1949-9-25,Pedro Almodóvar,34,"Won
        1
        Oscar.",66.160164271
94,"Sydney, New South Wales, Australia",1904-2-10,John Farrow,49,"Won
        1
        Oscar.",111.783709788
95,"Mexico City, Distrito Federal, Mexico",1961-11-28,Alfonso Cuarón,15,"Won
        2
        Oscars.",53.9849418207
96,"South Bend, Indiana, USA",1911-4-17,George Seaton,23,"Won
        2
        Oscars.",104.602327173
97,Israel,1962-5-15,Rod Lurie,15,4 wins & 2 nominations.,53.5249828884
98,"Memphis, Tennessee, USA",1896-8-10,Walter Lang,66,"Nominated for
        1
        Oscar.",119.282683094
99,"Missoula, Montana, USA",1946-1-20,David Lynch,47,"Nominated for
        4
        Oscars.",69.839835729
100,"Nevada, Missouri, USA",1906-8-5,John Huston,47,"Won
        2
        Oscars.",109.300479124
101,"Baltimore, Maryland, USA",1942-4-6,Barry Levinson,39,"Won
        1
        Oscar.",73.6317590691
102,"Pusztatúrpásztó, Austria-Hungary [now Hungary]",1893-9-16,Alexander Korda,67,1 win.,122.182067077
103,"Chicago, Illinois, USA",1951-5-14,Robert Zemeckis,26,"Won
        1
        Oscar.",64.5284052019
104,"Loutra-Iraias, Greece",1933-2-12,Costa-Gavras,23,"Won
        1
        Oscar.",82.7761806982
105,"Walworth, London, England, UK",1889-4-16,Charles Chaplin,72,"Won
        1
        Oscar.",126.600958248
106,"Cape Elizabeth, Maine, USA",1894-2-1,John Ford,14,"Won
        4
        Oscars.",121.804243669
107,"Hot Springs, Arkansas, USA",1955-8-4,Billy Bob Thornton,6 ,"Won
        1
        Oscar.",60.3039014374
108,"Milwaukee, Wisconsin, USA",1950-3-11,Jerry Zucker,8 ,"Nominated for
        1
        Primetime Emmy.",65.7029431896
109,"Bath, Somerset, England, UK [now Bath and North East Somerset, England, UK]",1943-4-3,Jonathan Lynn,13,6 wins & 1 nomination.,72.6406570842
110,"Brooklyn, New York City, New York, USA",1912-8-8,Daniel Mann,31,1 win & 6 nominations.,103.290896646
111,"Dublin, Ireland",1949-2-6,Jim Sheridan,9 ,"Nominated for
        6
        Oscars.",66.7926078029
112,"Parma, Emilia-Romagna, Italy",1941-3-16,Bernardo Bertolucci,25,"Won
        2
        Oscars.",74.688569473
113,"Ryde, Isle of Wight, England, UK",1954-1-6,Anthony Minghella,9 ,"Won
        1
        Oscar.",61.87816564
114,"San Diego, California, USA",1889-3-21,W.S. Van Dyke,91,"Nominated for
        2
        Oscars.",126.672142368
115,"Knoxville, Tennessee, USA",1963-3-27,Quentin Tarantino,17,"Won
        2
        Oscars.",52.6598220397
116,"Brighton, East Sussex, England, UK",1921-3-1,Jack Clayton,10,"Nominated for
        1
        Oscar.",94.7296372348
117,"La Cañada, California, USA",1889-2-23,Victor Fleming,50,"Won
        1
        Oscar.",126.743326489
118,"Kingston, New York, USA",1939-7-30,Peter Bogdanovich,32,"Nominated for
        2
        Oscars.",76.3175906913
119,"Paris, Arkansas, USA",1936-2-3,James Bridges,8 ,"Nominated for
        2
        Oscars.",79.8028747433
120,"Ogden, Utah, USA",1929-9-2,Hal Ashby,15,"Won
        1
        Oscar.",86.2231348392
121,"Salt Lake City, Utah, USA",1894-4-23,Frank Borzage,10,"Won
        2
        Oscars.",121.582477755
122,"Chicago, Illinois, USA",1927-6-23,Bob Fosse,8 ,"Won
        1
        Oscar.",88.4188911704
123,"Feltham, Middlesex, England, UK",1891-3-20,Edmund Goulding,41,2 nominations.,124.676249144
124,"Philadelphia, Pennsylvania, USA",1906-7-18,Clifford Odets,2 ,0,109.349760438
125,"Budapest, Austria-Hungary [now Hungary]",1918-4-1,Ján Kadár,20,3 wins & 5 nominations.,97.6454483231
126,"Chicago, Illinois, USA",1899-2-23,Norman Taurog,18,"Won
        1
        Oscar.",116.744695414
127,"Blue Island, Illinois, USA",1955-3-17,Gary Sinise,5 ,"Nominated for
        1
        Oscar.",60.6872005476
128,"New York City, New York, USA",1918-10-11,Jerome Robbins,2 ,"Won
        1
        Oscar.",97.1170431211
129,"Abilene, Texas, USA",1944-11-27,Gregory Hoblit,21,"Won
        9
        Primetime Emmys.",70.9869952088
130,"Galveston, Texas, USA",1894-2-8,King Vidor,79,"Nominated for
        5
        Oscars.",121.785078713
131,"Glendale, California, USA",1953-11-6,Ron Underwood,47,4 nominations.,62.045174538
132,"Los Angeles, California, USA",1937-10-14,Carroll Ballard,11,"Nominated for
        1
        Oscar.",78.1081451061
133,"Los Angeles, California, USA",1896-10-3,Leo McCarey,10,"Won
        3
        Oscars.",119.134839151
134,"Glasgow, Scotland, UK",1886-2-2,Frank Lloyd,13,"Won
        2
        Oscars.",129.801505818
135,"Moscow, Russian SFSR, USSR [now Russia]",1945-10-21,Nikita Mikhalkov,27,"Nominated for
        2
        BAFTA Film Awards.",70.0889801506
136,"Rimini, Emilia-Romagna, Italy",1920-1-20,Federico Fellini,27,"Nominated for
        12
        Oscars.",95.8412046543
137,"Lafayette, Indiana, USA",1934-7-1,Sydney Pollack,38,"Won
        2
        Oscars.",81.3963039014
138,"Houston, Texas, USA",1934-6-1,Peter Masterson,11,2 wins & 2 nominations.,81.4784394251
139,"New York City, New York, USA",1914-3-2,Martin Ritt,30,"Nominated for
        1
        Oscar.",101.727583847
140,"Minneapolis, Minnesota, USA",1921-12-20,George Roy Hill,19,"Won
        1
        Oscar.",93.9247091034
141,"New York City, New York, USA",1921-11-8,Gene Saks,8 ,1 nomination.,94.0396988364
142,"Williamsburg, Brooklyn, New York City, New York, USA",1942-4-24,Barbra Streisand,8 ,"Won
        2
        Oscars.",73.582477755
143,"Deadwood, South Dakota, USA",1896-12-2,Alfred L. Werker,50,1 win & 2 nominations.,118.970568104
144,"Modesto, California, USA",1944-5-14,George Lucas,18,"Nominated for
        4
        Oscars.",71.5263518138
145,"New York City, New York, USA",1929-3-23,Mark Rydell,25,"Nominated for
        1
        Oscar.",86.6694045175
146,"Dresden, Saxony, Germany",1900-8-8,Robert Siodmak,61,"Nominated for
        1
        Oscar.",115.290896646
147,"Wiznitz, Bukovina, Austria-Hungary [now Vyzhnytsia, Chernivetska oblast, Ukraine]",1905-12-5,Otto Preminger,43,"Nominated for
        3
        Oscars.",109.965776865
148,"Cumberland, Rhode Island, USA",1958-6-17,Bobby Farrelly,16,3 wins & 4 nominations.,57.4346338125
149,1955,1955-1-1,Paul Shapiro,67,1 win & 9 nominations.,60.8925393566
150,"Alligator, Mississippi, USA",1914-12-23,Fred Coe,15,"Nominated for
        1
        Oscar.",100.917180014
151,"Leytonstone, London, England, UK",1899-8-13,Alfred Hitchcock,69,"Nominated for
        5
        Oscars.",116.27652293
152,"Ottawa, Illinois, USA",1943-11-30,Terrence Malick,10,"Nominated for
        3
        Oscars.",71.9808350445
153,"Nouméa, New Caledonia, France",1941-7-28,Colin Higgins,3 ,"Nominated for
        1
        Golden Globe.",74.3216974675
154,"Dodge City, Kansas, USA",1936-5-17,Dennis Hopper,9 ,"Nominated for
        2
        Oscars.",79.5181382615
155,"Stockholm, Stockholms län, Sweden",1946-6-2,Lasse Hallström,36,"Nominated for
        3
        Oscars.",69.4757015743
156,"Oak Park, Illinois, USA",1910-1-3,John Sturges,45,"Nominated for
        1
        Oscar.",105.886379192
157,"Paris, France",1945-2-15,Christine Edzard,7 ,"Nominated for
        1
        Oscar.",70.7679671458
158,"London, England, UK",1902-11-9,Anthony Asquith,44,3 wins & 5 nominations.,113.037645448
159,"Hampstead, London, England, UK",1926-2-16,John Schlesinger,28,"Won
        1
        Oscar.",89.7659137577
160,"Wapakoneta, Ohio, USA",1895-4-6,Dudley Nichols,3 ,"Won
        1
        Oscar.",120.629705681
161,"Sligo, Ireland",1950-2-25,Neil Jordan,21,"Won
        1
        Oscar.",65.7412731006
162,"Montreal, Quebec, Canada",1977-10-19,Jason Reitman,15,"Nominated for
        4
        Oscars.",38.0944558522
163,"New York City, New York, USA",1958-8-20,David O. Russell,12,"Nominated for
        5
        Oscars.",57.2594113621
164,"Barnstaple, Devon, England, UK",1943-3-28,Richard Eyre,21,"Nominated for
        1
        BAFTA Film Award.",72.6570841889
165,"London, England, UK",1958-1-1,Iain Softley,11,3 wins & 2 nominations.,57.8918548939
166,"London, England, UK",1972-1-1,Joe Wright,12,"Nominated for
        1
        Golden Globe.",43.8932238193
167,"Shaker Heights, Ohio, USA",1925-1-26,Paul Newman,6 ,"Won
        1
        Oscar.",90.8227241615
168,"Brooklyn, New York City, New York, USA",1969-2-12,Darren Aronofsky,12,"Nominated for
        1
        Oscar.",46.7761806982
169,"Ferrara, Emilia-Romagna, Italy",1912-9-29,Michelangelo Antonioni,35,"Nominated for
        2
        Oscars.",103.148528405
170,"Moscow, RSFSR, USSR [now Russia]",1937-8-20,Andrey Konchalovskiy,27,"Won
        1
        Primetime Emmy.",78.2587268994
171,"Kiev, Russian Empire [now Ukraine]",1902-5-10,Anatole Litvak,42,"Nominated for
        2
        Oscars.",113.538672142
172,"Peekskill, New York, USA",1956-1-3,Mel Gibson,7 ,"Won
        2
        Oscars.",59.8877481177
173,"Manhattan, New York City, New York, USA",1956-9-11,Tony Gilroy,4 ,"Nominated for
        2
        Oscars.",59.1978097194
174,"South Shields, Tyne and Wear, England, UK",1937-11-30,Ridley Scott,36,"Nominated for
        3
        Oscars.",77.9794661191
175,"San Antonio, Texas, USA",1958-11-10,Stephen Herek,24,1 win & 3 nominations.,57.0349075975
176,"Berkeley, California, USA",1972-8-15,Ben Affleck,7 ,"Won
        2
        Oscars.",43.2717316906
177,"Ostrava, Czechoslovakia [now Czech Republic]",1926-7-21,Karel Reisz,15,"Won
        1
        BAFTA Film Award.",89.3415468857
178,"Ipswich, Suffolk, England, UK",1940-1-14,Trevor Nunn,13,2 wins & 2 nominations.,75.8576317591
179,"St Germain en Laye, France",1971-4-4,Jean-Baptiste Andrea,3 ,6 wins & 3 nominations.,44.6379192334
180,"Truro, Cornwall, England, UK",1963-4-30,James Marsh,14,"Won
        1
        Oscar.",52.5667351129
181,"Manchester, England, UK",1956-10-20,Danny Boyle,26,"Won
        1
        Oscar.",59.0910335387
182,"Studio City, California, USA",1970-6-26,Paul Thomas Anderson,30,"Nominated for
        6
        Oscars.",45.4099931554
183,"Des Moines, Iowa, USA",1962-7-6,Peter Hedges,3 ,"Nominated for
        1
        Oscar.",53.3826146475
184,"Santa Barbara, California, USA",1944-12-31,Taylor Hackford,21,"Won
        1
        Oscar.",70.893908282
185,"Mexico City, Distrito Federal, Mexico",1963-8-15,Alejandro González Iñárritu,15,"Won
        3
        Oscars.",52.2737850787
186,"Detroit, Michigan, USA",1939-4-7,Francis Ford Coppola,34,"Won
        5
        Oscars.",76.629705681
187,"Memphis, Tennessee, USA",1964-1-1,Courtney Hunt,4 ,"Nominated for
        1
        Oscar.",51.8932238193
188,"Paris, France",1933-8-18,Roman Polanski,35,"Won
        1
        Oscar.",82.264202601
189,"Limhamn, Malmö, Skåne län, Sweden",1931-7-23,Jan Troell,31,"Nominated for
        2
        Oscars.",84.3367556468
190,"Menominee, Michigan, USA",1898-10-6,Mitchell Leisen,50,"Nominated for
        1
        Oscar.",117.127994524
191,"Manciano La Misericordia, Castiglion Fiorentino, Tuscany, Italy",1952-10-27,Roberto Benigni,9 ,"Won
        1
        Oscar.",63.0718685832
192,"Oak Ridge, Tennessee, USA",1964-3-16,Gore Verbinski,11,"Won
        1
        Oscar.",51.6878850103
193,"Reading, Berkshire, England, UK",1965-8-1,Sam Mendes,8 ,"Won
        1
        Oscar.",50.3107460643
194,"Minneapolis, Minnesota, USA",1954-11-29,Joel Coen,19,"Won
        4
        Oscars.",60.9828884326
195,"Omaha, Nebraska, USA",1961-2-10,Alexander Payne,13,"Won
        2
        Oscars.",54.7816563997
196,"Markelo, Overijssel, Netherlands",1968-3-4,Johan Nijenhuis,22,6 wins & 9 nominations.,47.7207392197
197,"Hell's Kitchen [now Clinton], Manhattan, New York City, New York, USA",1913-9-29,Stanley Kramer,20,"Nominated for
        9
        Oscars.",102.149212868
198,"Atlanta, Georgia, USA",1963-1-14,Steven Soderbergh,37,"Won
        1
        Oscar.",52.8569472964
199,"Cincinnati, Ohio, USA",1875-10-20,Edgar Selwyn,8 ,1 win.,140.090349076
200,"Tiflis, Russian Empire [now Tbilisi, Republic of Georgia]",1897-10-8,Rouben Mamoulian,19,7 wins & 2 nominations.,118.12183436
201,"Newton, Massachusetts, USA",1925-2-8,Jack Lemmon,1 ,"Won
        2
        Oscars.",90.7871321013
202,"Budapest, Hungary",1937-12-23,Peter Medak,64,1 win & 3 nominations.,77.916495551
203,"Kansas City, Missouri, USA",1939-2-12,John D. Hancock,18,"Nominated for
        1
        Oscar.",76.7775496235
204,"London, England, UK",1899-10-16,Peter Godfrey,45,0,116.101300479
205,"England, UK",1964-1-1,Peter Cattaneo,12,"Nominated for
        2
        Oscars.",51.8932238193
206,"Kansas City, Missouri, USA",1925-2-20,Robert Altman,88,"Nominated for
        7
        Oscars.",90.7542778919
207,"Grand Rapids, Michigan, USA",1946-7-22,Paul Schrader,22,"Nominated for
        2
        Golden Globes.",69.3388090349
208,"Lexington, Kentucky, USA",1961-5-6,George Clooney,6 ,"Won
        2
        Oscars.",54.5489390828
209,"Christiansburg, Virginia, USA",1886-1-24,Henry King,11,"Nominated for
        2
        Oscars.",129.826146475
210,"Llanishen, Cardiff, Glamorgan, Wales, UK",1937-9-22,Richard Marquand,26,2 wins & 3 nominations.,78.1683778234
211,"Los Angeles, California, USA",1945-2-20,Randa Haines,16,"Nominated for
        1
        Primetime Emmy.",70.7542778919
212,"Columbia, South Carolina, USA",1924-4-13,Stanley Donen,31,12 wins & 9 nominations.,91.6112251882
213,"Sydney, Australia",1952-11-14,Chris Noonan,12,"Nominated for
        2
        Oscars.",63.022587269
214,"Auxerre, Yonne, France",1932-4-8,Jean-Paul Rappeneau,9 ,"Nominated for
        1
        Oscar.",83.6249144422
215,"Boston, Massachusetts, USA",1927-8-3,Elliot Silverstein,34,4 wins & 2 nominations.,88.3066392882
216,South Africa,1956-6-5,Roger Michell,19,6 wins & 15 nominations.,59.4661190965
217,"Brookline, Massachusetts, USA",1896-2-29,William A. Wellman,83,"Won
        1
        Oscar.",119.728952772
218,"New York City, New York, USA",1933-2-21,Bob Rafelson,19,"Nominated for
        2
        Oscars.",82.7515400411
219,"Brooklyn, New York City, New York, USA",1930-4-25,Paul Mazursky,19,"Nominated for
        5
        Oscars.",85.5797399042
220,"Paris, France",1894-9-15,Jean Renoir,41,"Nominated for
        1
        Oscar.",121.185489391
221,"Graceville, Minnesota, USA",1887-7-17,Jack Conway,11,2 wins & 1 nomination.,128.350444901
222,"Budapest, Austria-Hungary [now Hungary]",1900-7-27,Charles Vidor,36,2 wins & 3 nominations.,115.323750856
223,"Pukerua Bay, North Island, New Zealand",1961-10-31,Peter Jackson,20,"Won
        3
        Oscars.",54.0616016427
224,"Toronto, Ontario, Canada",1979-1-8,Sarah Polley,8 ,"Nominated for
        1
        Oscar.",36.8733744011
225,"London, England, UK",1927-6-16,Charles Jarrott,50,"Won
        1
        Golden Globe.",88.4380561259
226,"Pittsburgh, Pennsylvania, USA",1933-2-22,Milton Katselas,6 ,0,82.7488021903
227,"London, England, UK",1945-11-17,Roland Joffé,25,"Nominated for
        2
        Oscars.",70.0150581793
228,"Pittsburgh, Pennsylvania, USA",1966-1-19,Antoine Fuqua,20,3 wins & 4 nominations.,49.8425735797
229,"The Bronx, New York City, New York, USA",1950-10-3,John Patrick Shanley,2 ,"Won
        1
        Oscar.",65.1389459274
230,"Baldwin, Long Island, New York, USA",1944-2-22,Jonathan Demme,57,"Won
        1
        Oscar.",71.7508555784
231,"Long Island City, New York, USA",1916-10-4,George Sidney,57,"Won
        1
        Golden Globe.",99.1348391513
232,"Uppsala, Uppsala län, Sweden",1918-7-14,Ingmar Bergman,67,"Nominated for
        9
        Oscars.",97.3607118412
233,"Alameda County, California, USA",1957-7-7,Jonathan Dayton,26,16 wins & 16 nominations.,58.379192334
234,"Belfast, Northern Ireland, UK",1960-12-10,Kenneth Branagh,19,"Nominated for
        5
        Oscars.",54.9514031485
235,"New York City, New York, USA",1946-9-15,Oliver Stone,29,"Won
        3
        Oscars.",69.1882272416
236,"San Francisco, California, USA",1888-10-11,Lowell Sherman,15,0,127.112936345
237,"Chicago, Illinois, USA",1943-2-5,Michael Mann,20,"Nominated for
        4
        Oscars.",72.7967145791
238,"Richmond, Melbourne, Victoria, Australia",1939-12-26,Fred Schepisi,20,"Nominated for
        2
        Golden Globes.",75.909650924
239,"London, England, UK",1891-4-10,Harold S. Bucquet,28,0,124.618754278
240,Hong Kong,1960-1-1,Gordon Chan,31,6 wins & 10 nominations.,55.8932238193
241,"New York City, New York, USA",1941-5-19,Nora Ephron,8 ,"Nominated for
        3
        Oscars.",74.5133470226
242,"Chicago, Illinois, USA",1903-2-28,Vincente Minnelli,38,"Won
        1
        Oscar.",112.733744011
243,"Philadelphia, Pennsylvania, USA",1922-9-27,Arthur Penn,27,"Nominated for
        3
        Oscars.",93.1553730322
244,"Los Angeles, California, USA",1894-6-13,Tay Garnett,74,1 win & 2 nominations.,121.442847365
245,"Montbéliard, Doubs, France",1959-1-28,Frank Darabont,11,"Nominated for
        3
        Oscars.",56.8186173854
246,"London, England, UK",1911-4-23,Ronald Neame,26,"Nominated for
        3
        Oscars.",104.585900068
247,"Pisa, Tuscany, Italy",1919-11-19,Gillo Pontecorvo,22,"Nominated for
        2
        Oscars.",96.0109514031
248,"Shanghai, China",1915-6-20,Terence Young,41,1 win & 1 nomination.,100.427104723
249,"Galesville, Wisconsin, USA",1911-8-7,Nicholas Ray,30,"Nominated for
        1
        Oscar.",104.295687885
250,"Honolulu, Hawaii, USA",1956-11-30,Michael Hoffman,15,2 wins & 7 nominations.,58.9787816564
251,"Ludwigshafen am Rhein, Rhineland-Palatinate, Germany",1893-7-15,William Dieterle,88,"Nominated for
        1
        Oscar.",122.354551677
252,"New York City, New York, USA",1962-10-16,Kenneth Lonergan,3 ,"Nominated for
        2
        Oscars.",53.1033538672
253,"Hamburg, Germany",1897-4-26,Douglas Sirk,48,3 wins & 7 nominations.,118.57357974
254,"Lawrence, Kansas, USA",1920-1-30,Delbert Mann,66,"Won
        1
        Oscar.",95.8138261465
255,"New York City, New York, USA",1901-10-26,Mark Sandrich,76,1 win & 1 nomination.,114.075290897
256,"San Francisco, California, USA",1893-3-21,Sidney Franklin,72,"Nominated for
        1
        Oscar.",122.672142368
257,"London, England, UK",1952-1-1,Tony Kaye,12,6 wins & 7 nominations.,63.8932238193
258,"Jundiaí, São Paulo, Brazil",1964-1-1,Beto Brant,11,26 wins & 11 nominations.,51.8932238193
259,"Sydney, New South Wales, Australia",1944-8-21,Peter Weir,30,"Nominated for
        6
        Oscars.",71.2553045859
260,"Sacramento, California, USA",1898-3-13,Henry Hathaway,67,"Nominated for
        1
        Oscar.",117.694729637
261,"Washington, District of Columbia, USA",1969-6-23,David Dobkin,12,1 win & 1 nomination.,46.417522245
262,"Rockaway Beach, Queens, New York City, New York, USA",1920-8-31,David Lowell Rich,10,"Won
        1
        Primetime Emmy.",95.227926078
263,"New York City, New York, USA",1936-1-1,Dick Richards,7 ,"Nominated for
        1
        Oscar.",79.8932238193
264,"New York City, New York, USA",1917-9-6,John Berry,32,1 win.,98.212183436
265,"New York City, New York, USA",1955-10-22,Bill Condon,18,"Won
        1
        Oscar.",60.0876112252
266,"Pittsburgh, Pennsylvania, USA",1891-6-24,Irving Pichel,38,2 wins & 3 nominations.,124.413415469
267,"Santa Monica, California, USA",1936-8-18,Robert Redford,10,"Won
        1
        Oscar.",79.2635181383
268,"Cheltenham, Gloucestershire, England, UK",1946-10-20,Richard Loncraine,22,"Won
        1
        Primetime Emmy.",69.0924024641
269,"Louisville, Kentucky, USA",1952-7-24,Gus Van Sant,34,"Nominated for
        2
        Oscars.",63.3319644079
270,"Bloomington, Minnesota, USA",1968-10-9,Pete Docter,8 ,"Won
        1
        Oscar.",47.1211498973
271,"Lynwood, California, USA",1955-1-18,Kevin Costner,3 ,"Won
        2
        Oscars.",60.8459958932
272,"Toronto, Ontario, Canada",1933-2-28,Sidney J. Furie,55,"Won
        1
        BAFTA Film Award.",82.7323750856
273,"Grayling, Michigan, USA",1895-9-20,Norman Z. McLeod,55,1 win.,120.1724846
274,"Philadelphia, Pennsylvania, USA",1878-4-28,Lionel Barrymore,15,"Won
        1
        Oscar.",137.568788501
275,"Edmonton, Alberta, Canada",1923-11-22,Arthur Hiller,72,"Nominated for
        1
        Oscar.",92.0027378508
276,"Bristol, England, UK",1914-8-1,J. Lee Thompson,49,"Nominated for
        1
        Oscar.",101.311430527
277,"Mexico City, Distrito Federal, Mexico",1954-1-1,Luis Mandoki,22,4 wins & 5 nominations.,61.8918548939
278,"Peterborough, Cambridgeshire, England, UK",1941-3-4,Adrian Lyne,11,"Nominated for
        1
        Oscar.",74.7214236824
279,"São Paulo, São Paulo, Brazil",1955-11-9,Fernando Meirelles,20,"Nominated for
        1
        Oscar.",60.038329911
280,"Brookfield, Missouri, USA",1898-8-5,Lewis R. Foster,64,"Won
        1
        Oscar.",117.297741273
281,"Jiangsu Province, China",1918-1-1,Wei Lo,61,1 win.,97.8918548939
282,"Brede, Denmark",1948-11-9,Bille August,27,"Nominated for
        1
        Primetime Emmy.",67.0362765229
283,"Salford, Greater Manchester, England, UK",1943-2-20,Mike Leigh,22,"Nominated for
        7
        Oscars.",72.7556468172
284,"Rome, Lazio, Italy",1967-5-20,Gabriele Muccino,21,12 wins & 22 nominations.,48.5119780972
285,"New York City, New York, USA",1966-12-30,Bennett Miller,5 ,"Nominated for
        2
        Oscars.",48.8980150582
286,"Belfast, Northern Ireland, UK",1952-12-20,Terry George,11,"Won
        1
        Oscar.",62.9240246407
287,Poland,1946-1-1,Ben Lewin,16,7 wins & 9 nominations.,69.8918548939
288,"Los Angeles, California, USA",1968-1-6,John Singleton,15,"Nominated for
        2
        Oscars.",47.8795345654
289,"Cleveland, Ohio, USA",1939-8-2,Wes Craven,29,10 wins & 4 nominations.,76.3093771389
290,"Baltimore, Maryland, USA",1909-9-6,Michael Gordon,27,3 nominations.,106.212183436
291,"Putney, London, England, UK",1906-12-30,Carol Reed,33,"Won
        1
        Oscar.",108.898015058
292,"Chicago, Illinois, USA",1936-10-23,Philip Kaufman,13,"Nominated for
        1
        Oscar.",79.0828199863
293,"Craiova, Dolj, Romania",1900-2-26,Jean Negulesco,87,"Nominated for
        1
        Oscar.",115.737166324
294,"Lille, Nord, France",1896-10-3,Julien Duvivier,72,7 wins & 7 nominations.,119.134839151
295,"Long Island City, New York, USA",1916-8-12,Ralph Nelson,48,"Nominated for
        1
        Oscar.",99.279945243
296,"New York City, New York, USA",1888-10-9,Irving Cummings,82,"Nominated for
        1
        Oscar.",127.118412047
297,"Sydney, New South Wales, Australia",1940-8-16,Bruce Beresford,50,"Nominated for
        2
        Oscars.",75.2689938398
298,"Stratford, London, England, UK",1926-7-22,Bryan Forbes,20,"Nominated for
        1
        Oscar.",89.3388090349
299,"Wellington, New Zealand",1967-1-1,Niki Caro,10,18 wins & 9 nominations.,48.8925393566
300,"San Antonio, Texas, USA",1936-4-5,Glenn Jordan,61,"Won
        4
        Primetime Emmys.",79.6331279945
301,"Bristol, England, UK",1957-6-17,Phyllida Lloyd,3 ,2 wins & 3 nominations.,58.4339493498
302,"Chicago, Illinois, USA",1922-3-6,Burt Balaban,6 ,0,93.7166324435
303,"Waxahachie, Texas, USA",1932-9-29,Robert Benton,11,"Won
        3
        Oscars.",83.1485284052
304,"Mahanoy City, Pennsylvania, USA",1888-4-8,Victor Schertzinger,90,"Nominated for
        1
        Oscar.",127.622176591
305,"New York City, New York, USA",1965-11-30,Ben Stiller,15,"Won
        1
        Primetime Emmy.",49.9794661191
306,"Palm Springs, California, USA",1957-7-13,Cameron Crowe,13,"Won
        1
        Oscar.",58.3627652293
307,"El Paso, Texas, USA",1963-4-21,John Cameron Mitchell,9 ,"Nominated for
        1
        Golden Globe.",52.59137577
308,"Portsmouth, Hampshire, England, UK",1949-4-8,John Madden,25,"Nominated for
        1
        Oscar.",66.6255989049
309,"Cranston, Rhode Island, USA",1918-8-9,Robert Aldrich,37,4 wins & 9 nominations.,97.2895277207
310,"Kapuskasing, Ontario, Canada",1954-8-16,James Cameron,22,"Won
        3
        Oscars.",61.2703627652
311,"Cheam, Surrey, England, UK",1955-8-13,Paul Greengrass,18,"Nominated for
        1
        Oscar.",60.2792607803
312,"New York City, New York, USA",1889-12-16,Ted Wilde,9 ,"Nominated for
        1
        Oscar.",125.932922656
313,"La Crosse, Wisconsin, USA",1909-1-14,Joseph Losey,39,"Nominated for
        2
        BAFTA Film Awards.",106.855578371
314,"London, England, UK",1972-10-1,Tom Hooper,18,"Won
        1
        Oscar.",43.1430527036
315,"Long Island, New York, USA",1964-1-1,Gavin O'Connor,14,3 wins & 2 nominations.,51.8932238193
316,"Montréal, Québec, Canada",1913-12-4,Mark Robson,33,"Nominated for
        2
        Oscars.",101.968514716
317,"Oak Park, Illinois, USA",1935-12-21,John G. Avildsen,31,"Won
        1
        Oscar.",79.923340178
318,"Abingdon, Virginia, USA",1970-1-1,Scott Cooper,3 ,2 wins & 7 nominations.,45.8918548939
319,"Detroit, Michigan, USA",1920-11-12,Richard Quine,44,1 nomination.,95.0280629706
320,"Hutchinson, Kansas, USA",1896-2-24,Richard Thorpe,18,1 win & 4 nominations.,119.742642026
321,"Middletown, Connecticut, USA",1911-12-18,Jules Dassin,25,"Nominated for
        2
        Oscars.",103.93155373
322,"Stuttgart, Baden-Württemberg, Germany",1955-11-10,Roland Emmerich,21,13 wins & 13 nominations.,60.0355920602
323,"Sunnyside, Queens, New York City, New York, USA",2015-11-23,Benh Zeitlin,6 ,"Nominated for
        2
        Oscars.",0.0
324,"Philadelphia, Pennsylvania, USA",1959-12-24,Lee Daniels,6 ,"Nominated for
        2
        Oscars.",55.9151266256
325,"Schenectady, New York, USA",1950-9-28,John Sayles,22,"Nominated for
        2
        Oscars.",65.1526351814
326,"San Diego, California, USA",1931-1-5,Robert Duvall,5 ,"Won
        1
        Oscar.",84.8815879535
327,"Houston, Texas, USA",1969-5-1,Wes Anderson,15,"Nominated for
        6
        Oscars.",46.5626283368
328,"California, USA",1970-12-24,Breck Eisner,9 ,1 nomination.,44.9144421629
329,"Rome, Lazio, Italy",1927-6-17,Lucio Fulci,56,1 win & 1 nomination.,88.4353182752
330,"Uniontown, Pennsylvania, USA",1936-4-25,Saul Swimmer,9 ,0,79.5783709788
331,"Samotísky, Czechoslovakia [now Czech Republic]",1919-5-7,Stanislav Látal,9 ,0,96.5475701574
332,"Brooklyn, New York, USA",1964-1-1,E. Elias Merhige,11,3 wins & 4 nominations.,51.8932238193
333,"George Air Force Base, Victorville, California, USA",1971-7-24,Patty Jenkins,10,"Nominated for
        1
        Primetime Emmy.",44.334017796
334,"Worms, Rhineland-Palatinate, Germany",1899-4-15,Curtis Bernhardt,42,1 win & 3 nominations.,116.605065024
335,"Chicago, Illinois, USA",1935-8-29,William Friedkin,36,"Won
        1
        Oscar.",80.2354551677
336,"West Covina, California, USA",1958-10-16,Tim Robbins,10,"Won
        1
        Oscar.",57.1033538672
337,"Melbourne, Victoria, Australia",1953-6-23,Russell Mulcahy,56,1 win & 4 nominations.,62.417522245
338,"Paris, France",1947-11-25,Jonathan Kaplan,35,"Nominated for
        5
        Primetime Emmys.",67.9945242984
339,"St. Albans, Hertfordshire, England, UK",1942-3-28,Mike Newell,79,"Won
        1
        BAFTA Film Award.",73.6563997262
340,"Asbury Park, New Jersey, USA",1944-11-17,Danny DeVito,22,"Nominated for
        1
        Oscar.",71.0143737166
341,"New York City, New York, USA",1908-3-16,Robert Rossen,10,"Nominated for
        5
        Oscars.",107.68788501
342,"Madison, Wisconsin, USA",1960-10-17,Rob Marshall,8 ,"Nominated for
        1
        Oscar.",55.099247091
343,"Richmond, Virginia, USA",1937-3-30,Warren Beatty,6 ,"Won
        1
        Oscar.",78.6502395619
344,"Bronx, New York City, New York, USA",1927-6-26,Jerry Schatzberg,14,6 wins & 5 nominations.,88.4106776181
345,"Budapest, Hungary",1938-2-18,István Szabó,36,"Nominated for
        1
        Golden Globe.",77.7604380561
346,"Berlin, Germany",1892-1-29,Ernst Lubitsch,76,"Nominated for
        3
        Oscars.",123.813826146
347,"Pittsburgh, Pennsylvania, USA",1912-8-23,Gene Kelly,15,"Nominated for
        1
        Oscar.",103.249828884
348,"Lyon, Rhône, France",1941-4-25,Bertrand Tavernier,34,"Won
        1
        BAFTA Film Award.",74.5790554415
349,"Barcelona, Barcelona, Catalonia, Spain",1975-1-1,J.A. Bayona,14,16 wins & 15 nominations.,40.8925393566
350,"Virginia, USA",1971-12-6,Craig Brewer,11,7 wins & 4 nominations.,43.9644079398
351,"Burbank, California, USA",1958-8-25,Tim Burton,35,"Nominated for
        2
        Oscars.",57.2457221081
352,"Stuttgart, Baden-Württemberg, Germany",1946-9-7,Jerry Zaks,14,2 wins & 3 nominations.,69.2101300479
353,"Miami, Florida, USA",1949-1-14,Lawrence Kasdan,12,"Nominated for
        4
        Oscars.",66.855578371
354,"Chicago, Illinois, USA",1952-10-8,Edward Zwick,23,"Won
        1
        Oscar.",63.1238877481
355,"DeLand, Florida, USA",1945-1-1,Victor Nunez,9 ,5 wins & 9 nominations.,70.8911704312
356,"Pingtung, Taiwan",1954-10-23,Ang Lee,16,"Won
        2
        Oscars.",61.0841889117
357,"Winnetka, Illinois, USA",1947-3-14,John Byrum,7 ,0,68.6954140999
358,"Hudson, New York, USA",1905-11-29,Chester Erskine,8 ,2 nominations.,109.98220397
359,USA,1970-1-11,Malcolm D. Lee,11,3 wins & 11 nominations.,45.864476386
360,"Brooklyn, New York City, New York, USA",1949-11-17,Jon Avnet,23,"Nominated for
        2
        Primetime Emmys.",66.0150581793
361,"Los Angeles, California, USA",1943-12-18,Alan Rudolph,21,5 wins & 13 nominations.,71.9315537303
362,"London, England, UK",1969-10-9,Steve McQueen,29,"Won
        1
        Oscar.",46.12183436
363,"Johannesburg, South Africa",1979-9-17,Neill Blomkamp,9 ,"Nominated for
        1
        Oscar.",36.1834360027
364,"Brooklyn, New York City, New York, USA",1926-6-28,Mel Brooks,12,"Won
        1
        Oscar.",89.4045174538
365,"Pomona, California, USA",1964-2-24,Todd Field,13,"Nominated for
        3
        Oscars.",51.7453798768
366,"Paris, France",1932-2-6,François Truffaut,27,"Nominated for
        3
        Oscars.",83.794661191
367,"Islington, London, England, UK",1944-2-14,Alan Parker,19,"Nominated for
        2
        Oscars.",71.7727583847
368,"The Bronx, New York City, New York, USA",1943-10-15,Penny Marshall,13,"Nominated for
        3
        Golden Globes.",72.1067761807
369,"New York City, New York, USA",1934-11-13,Garry Marshall,30,"Nominated for
        5
        Primetime Emmys.",81.0266940452
370,"Sydney, New South Wales, Australia",1942-1-1,Graeme Clifford,25,"Nominated for
        1
        BAFTA Film Award.",73.8918548939
371,"Brooklyn, New York, USA",1951-10-26,Julian Schnabel,5 ,"Nominated for
        1
        Oscar.",64.076659822
372,"Perris, California, USA",1889-7-11,Alfred E. Green,11,1 win & 1 nomination.,126.36550308
373,"Fishkill Landing [now Beacon], New York, USA",1904-5-21,Robert Montgomery,6 ,"Nominated for
        2
        Oscars.",111.507186858
374,"Shipley, Yorkshire, England, UK",1928-6-5,Tony Richardson,40,"Won
        2
        Oscars.",87.4661190965
375,"Emden, Germany",1941-3-14,Wolfgang Petersen,30,"Nominated for
        2
        Oscars.",74.6940451745
376,"England, UK",1960-1-1,Brian Gilbert,10,1 win & 3 nominations.,55.8932238193
377,"Brooklyn, New York, USA",1894-9-23,Albert Lewin,7 ,1 win & 1 nomination.,121.163586585
378,"Enosburg, Vermont, USA",1885-12-6,E. Mason Hopper,77,0,129.960301164
379,"Munich, Bavaria, Germany",1942-3-23,Michael Haneke,23,"Nominated for
        2
        Oscars.",73.6700889802
380,"Thumeries, Nord, France",1932-10-30,Louis Malle,33,"Nominated for
        3
        Oscars.",83.0636550308
381,"San Carlos, California, USA",1951-11-27,Kathryn Bigelow,17,"Won
        2
        Oscars.",63.9890485969
382,"Rockville, Maryland, USA",1969-10-22,Spike Jonze,46,"Won
        1
        Oscar.",46.0862422998
383,"Southampton, Hampshire, England, UK",1927-7-3,Ken Russell,71,"Nominated for
        1
        Oscar.",88.3915126626
384,"San Francisco, California, USA",1894-12-17,David Butler,89,2 wins & 1 nomination.,120.930869268
385,"Kiev, Ukrainian SSR, USSR [now Ukraine]",1963-1-1,Vadim Perelman,4 ,4 wins & 6 nominations.,52.8925393566
386,"Rochester, New York, USA",1912-11-24,Garson Kanin,18,"Nominated for
        3
        Oscars.",102.995208761
387,"Carlisle, Cumberland, England, UK",1948-2-28,Mike Figgis,34,"Nominated for
        2
        Oscars.",67.7344284736
388,"Panama City, Panama",1924-10-15,José Quintero,7 ,"Nominated for
        1
        Primetime Emmy.",91.1047227926
389,"Atwood, Colorado, USA",1898-12-6,Herman Shumlin,2 ,0,116.960985626
390,"Los Angeles, California, USA",1941-10-11,Charles Shyer,11,"Nominated for
        1
        Oscar.",74.1163586585
391,"London, Ontario, Canada",1953-3-10,Paul Haggis,13,"Won
        2
        Oscars.",62.7049965777
392,"Teddington, Middlesex, England, UK",1899-12-16,Noël Coward,4 ,"Nominated for
        1
        Oscar.",115.934291581
393,"London, England, UK",1960-3-11,Simon Curtis,20,"Nominated for
        1
        Primetime Emmy.",55.7015742642
394,1954,1954-1-1,Glenn Gordon Caron,8 ,"Nominated for
        4
        Primetime Emmys.",61.8918548939
395,"Royal Oak, Michigan, USA",1959-10-23,Sam Raimi,21,9 wins & 16 nominations.,56.0848733744
396,Uganda,1953-3-4,Scott Hicks,29,"Nominated for
        2
        Oscars.",62.7214236824
397,"Los Angeles, California, USA",1961-1-2,Todd Haynes,16,"Nominated for
        1
        Oscar.",54.8884325804
398,"Toronto, Ontario, Canada",1943-3-15,David Cronenberg,42,67 wins & 62 nominations.,72.6926762491
399,"Paris, France",1967-3-29,Michel Hazanavicius,12,"Won
        1
        Oscar.",48.6543463381
400,"Wiesbaden, Hesse, Germany",1939-3-31,Volker Schlöndorff,41,"Nominated for
        1
        Primetime Emmy.",76.6488706366
401,"Longview, Texas, USA",1956-12-15,John Lee Hancock,8 ,2 wins & 5 nominations.,58.9377138946
402,"Boston, Massachusetts, USA",1894-1-11,Alexander Hall,44,"Nominated for
        1
        Oscar.",121.861738535
403,"Vienna, Austria-Hungary [now Austria]",1894-5-29,Josef von Sternberg,35,"Nominated for
        2
        Oscars.",121.483915127
404,"London, England, UK",1925-11-11,John Guillermin,41,2 wins & 2 nominations.,90.0314852841
405,"Brooklyn, New York City, New York, USA",1953-12-28,James Foley,23,1 win & 5 nominations.,61.9028062971
406,"Bristol, Rhode Island, USA",1951-1-1,Norman René,4 ,1 win & 2 nominations.,64.8925393566
407,"Cáslav, Czechoslovakia [now Czech Republic]",1932-2-18,Milos Forman,20,"Won
        2
        Oscars.",83.7618069815
408,"Cairo, Egypt",1960-7-19,Atom Egoyan,39,"Nominated for
        2
        Oscars.",55.3456536619
409,"New York City, New York, USA",1959-4-2,David Frankel,17,"Won
        1
        Oscar.",56.643394935
410,"Minneapolis, Minnesota, USA",1887-3-14,Charles Reisner,65,0,128.692676249
411,"Chicago, Illinois, USA",1927-10-21,Howard Zieff,9 ,0,88.090349076
412,"Yarmouth, Norfolk, England, UK",1914-9-18,Jack Cardiff,15,"Won
        1
        Oscar.",101.180013689
413,"Los Angeles, California, USA",1956-11-3,Gary Ross,5 ,"Nominated for
        4
        Oscars.",59.0527036277
414,"Santa Monica, California, USA",1960-8-17,Sean Penn,8 ,"Won
        2
        Oscars.",55.266255989
415,"Sora, Lazio, Italy",1901-7-7,Vittorio De Sica,35,"Nominated for
        1
        Oscar.",114.379192334
416,"Copenhagen, Denmark",1959-5-2,Lone Scherfig,16,27 wins & 26 nominations.,56.5612594114
417,"Trevico, Campania, Italy",1931-5-10,Ettore Scola,41,52 wins & 31 nominations.,84.5393566051
418,"Berkeley, California, USA",1976-9-20,Ryan Fleck,13,18 wins & 11 nominations.,39.1731690623
419,South Africa,1965-1-1,Wayne Kramer,7 ,1 win & 6 nominations.,50.8911704312
420,"Glasgow, Scotland, UK",1967-10-28,Kevin Macdonald,23,"Won
        1
        Oscar.",48.0711841205
421,"Detroit, Michigan, USA",1927-8-7,Robert Moore,14,1 nomination.,88.295687885
422,"New York City, New York, USA",1895-8-13,Sam Taylor,23,0,120.27652293
423,"Ashfield, Massachusetts, USA",1881-8-12,Cecil B. DeMille,80,"Won
        1
        Oscar.",134.277891855
424,"Douglass, Kansas, USA",1895-4-25,George W. Hill,22,0,120.577686516
425,"London, England, UK",1936-8-25,Hugh Hudson,18,"Nominated for
        1
        Oscar.",79.2443531828
426,"Washington, Pennsylvania, USA",1926-2-22,Bud Yorkin,35,"Won
        3
        Primetime Emmys.",89.749486653
427,"Versailles, Yvelines, France",1963-5-8,Michel Gondry,30,"Won
        1
        Oscar.",52.5448323066
428,"Milwaukee, Wisconsin, USA",1915-9-27,Cy Howard,3 ,"Won
        1
        Primetime Emmy.",100.156057495
429,Norway,1967-1-1,Morten Tyldum,18,"Nominated for
        1
        Oscar.",48.8925393566
430,"Stuttgart, Germany",1968-1-1,Robert Schwentke,11,3 wins & 3 nominations.,47.8932238193
431,"Limassol, Cyprus",1922-6-11,Mihalis Kakogiannis,16,"Nominated for
        3
        Oscars.",93.4510609172
432,"Wellington, New Zealand",1954-4-30,Jane Campion,19,"Won
        1
        Oscar.",61.5660506502
433,"Mahé, Pondicherry, India",1970-8-6,M. Night Shyamalan,14,"Nominated for
        2
        Oscars.",45.2977412731
434,"London, England, UK",1960-9-6,Oliver Parker,12,"Nominated for
        1
        BAFTA Film Award.",55.2114989733
435,"Somerset, England, UK",1913-11-5,Guy Green,25,"Won
        1
        Oscar.",102.047912389
436,"New York, USA",1966-2-3,Frank Coraci,10,0,49.8015058179
437,"New York City, New York, USA",1969-11-30,Chris Weitz,7 ,"Nominated for
        1
        Oscar.",45.9794661191
438,"Cameron, Texas, USA",1955-10-21,Catherine Hardwicke,14,8 wins & 12 nominations.,60.090349076
439,"Cherbourg, Manche, Haute-Normandie, France",1925-9-23,Jean-Charles Tacchella,13,"Nominated for
        1
        Oscar.",90.1656399726
440,"St. Louis, Missouri, USA",1893-9-7,F. Richard Jones,70,0,122.206707734
441,"Montréal, Québec, Canada",1927-2-8,Silvio Narizzano,38,"Nominated for
        1
        BAFTA Film Award.",88.7885010267
442,"New York City, New York, USA",1934-6-6,Gilbert Cates,33,"Won
        1
        Primetime Emmy.",81.4647501711
443,"Santa Monica, California, USA",1920-4-2,Jack Webb,21,"Nominated for
        5
        Primetime Emmys.",95.6413415469
444,"Decatur, Indiana, USA",1946-9-24,David Anspaugh,19,"Won
        2
        Primetime Emmys.",69.1635865845
445,"Tokyo, Japan",1910-3-23,Akira Kurosawa,33,"Nominated for
        1
        Oscar.",105.67008898
446,"New York City, New York, USA",1939-8-29,Joel Schumacher,32,7 wins & 7 nominations.,76.2354551677
447,"Kenosha, Wisconsin, USA",1915-5-6,Orson Welles,48,"Won
        1
        Oscar.",100.550308008
448,"Newton, Massachusetts, USA",1952-12-15,Julie Taymor,7 ,"Nominated for
        1
        Oscar.",62.9377138946
449,"Engis, Wallonia, Belgium",1951-4-21,Jean-Pierre Dardenne,18,"Nominated for
        1
        BAFTA Film Award.",64.59137577
450,"Bordeaux, Gironde, France",1928-5-31,Édouard Molinaro,78,"Nominated for
        2
        Oscars.",87.4798083504
451,"Los Angeles, California, USA",1964-6-5,Lisa Cholodenko,13,"Nominated for
        1
        Oscar.",51.4661190965
452,"Pennsylvania, USA",1949-12-8,Nancy Meyers,6 ,"Nominated for
        1
        Oscar.",65.9575633128
453,"Melbourne, Victoria, Australia",1950-12-18,Gillian Armstrong,27,8 wins & 10 nominations.,64.9308692676
454,"San Diego, California, USA",1943-1-25,Richard Pearce,26,"Nominated for
        1
        Primetime Emmy.",72.8268309377
455,"Rio de Janeiro, Rio de Janeiro, Brazil",1956-4-12,Walter Salles,24,"Won
        2
        BAFTA Film Awards.",59.613963039
456,"Paterson, New Jersey, USA",1909-11-28,David Miller,52,1 nomination.,105.984941821
457,"Minneapolis, Minnesota, USA",1940-11-22,Terry Gilliam,18,"Nominated for
        1
        Oscar.",75.0006844627
458,"Tokyo, Japan",1920-5-30,Franklin J. Schaffner,33,"Won
        1
        Oscar.",95.4825462012
459,"Guangzhou, China",1946-9-23,John Woo,42,18 wins & 15 nominations.,69.1663244353
460,"Reno, Nevada, USA",1945-3-24,Curtis Hanson,17,"Won
        1
        Oscar.",70.6666666667
461,"Beverley, Yorkshire, England, UK",1914-8-10,Ken Annakin,53,"Nominated for
        1
        Oscar.",101.28678987
462,"Mar del Plata, Buenos Aires, Argentina",1946-2-7,Hector Babenco,14,"Nominated for
        1
        Oscar.",69.7905544148
463,"Wallasey, Cheshire, England, UK",1910-8-6,Charles Crichton,51,"Nominated for
        2
        Oscars.",105.297741273
464,"New York City, New York, USA",1884-7-13,John Francis Dillon,13,0,131.359342916
465,"Austin, Texas, USA",1961-8-27,Tom Ford,2 ,7 wins & 9 nominations.,54.2395619439
466,"Fresno, California, USA",1953-1-30,Steven Zaillian,4 ,"Won
        1
        Oscar.",62.8117727584
467,"New York City, New York, USA",1886-1-21,John M. Stahl,46,1 win & 1 nomination.,129.834360027
468,"Dublin, Ireland",1880-1-13,Herbert Brenon,12,"Nominated for
        1
        Oscar.",135.857631759
469,"La Ciotat, Bouches-du-Rhône, France",1967-6-26,Olivier Dahan,15,"Nominated for
        1
        BAFTA Film Award.",48.4106776181
470,"Mount Clemens, Michigan, USA",1962-9-17,Paul Feig,23,"Nominated for
        4
        Primetime Emmys.",53.18275154
471,"Cambridge, Massachusetts, USA",1963-2-6,Debra Granik,5 ,"Nominated for
        1
        Oscar.",52.7939767283
472,"New York City, New York, USA",1904-11-13,H.C. Potter,23,2 wins.,111.02532512
473,"New York City, New York, USA",1929-4-15,Richard Rush,14,"Nominated for
        2
        Oscars.",86.6064339493
474,"Buxton, Derbyshire, England, UK",1905-3-31,Robert Stevenson,62,"Nominated for
        1
        Oscar.",110.647501711
475,"London, England, UK",1931-6-3,Anthony Harvey,13,"Nominated for
        1
        Oscar.",84.4736481862
476,"Chinchilla, Queensland, Australia",1945-3-3,George Miller,16,"Won
        1
        Oscar.",70.7241615332
477,"Bangkok, Thailand",1963-6-24,Anand Tucker,15,2 wins & 5 nominations.,52.4161533196
478,"Birmingham, England, UK",1895-9-25,Victor Saville,42,1 nomination.,120.158795346
479,"St. Louis, Missouri, USA",1948-7-27,Betty Thomas,28,"Won
        2
        Primetime Emmys.",67.3237508556
480,"La Crescenta, California, USA",1960-6-8,Gary Trousdale,10,1 win & 5 nominations.,55.4579055441
481,"Martinique, France",1958-1-13,Euzhan Palcy,11,8 wins & 3 nominations.,57.8590006845
482,"Genoa, Liguria, Italy",1914-9-14,Pietro Germi,19,"Won
        1
        Oscar.",101.190965092
483,"Cleveland, Ohio, USA",1967-8-8,Lee Unkrich,7 ,"Won
        1
        Oscar.",48.2929500342
484,UK,1960-1-1,Sharon Maguire,12,5 nominations.,55.8932238193
485,"Los Angeles, California, USA",1895-11-29,Busby Berkeley,32,"Nominated for
        3
        Oscars.",119.980835044
486,"New York City, New York, USA",1930-4-24,Richard Donner,79,9 wins & 7 nominations.,85.582477755
487,"Rome, Lazio, Italy",1926-8-14,Lina Wertmüller,31,"Nominated for
        2
        Oscars.",89.2758384668
488,"New Providence, New Jersey, USA",1966-1-30,Tom McCarthy,5 ,"Nominated for
        1
        Oscar.",49.8124572211
489,"Alexandria, Virginia, USA",1956-5-28,John Wells,7 ,"Won
        6
        Primetime Emmys.",59.4880219028
490,"Paris, France",1885-2-13,George Fitzmaurice,83,1 win & 1 nomination.,130.770704997
491,"New York City, New York, USA",1965-9-17,Bryan Singer,16,"Nominated for
        4
        Primetime Emmys.",50.1820670773
492,"Bogotá, Colombia",1959-8-24,Rodrigo García,24,"Nominated for
        1
        Primetime Emmy.",56.2491444216
493,"Lakewood, Colorado, USA",1974-1-1,Derek Cianfrance,14,8 wins & 11 nominations.,41.8918548939
494,"El Paso, Texas, USA",1937-9-13,Don Bluth,17,3 wins & 3 nominations.,78.1930184805
495,"London, England, UK",1965-3-26,Jonathan Glazer,8 ,5 wins & 29 nominations.,50.6611909651
496,"Abilene, Kansas, USA",1888-2-10,Harry Beaumont,99,"Nominated for
        1
        Oscar.",127.780971937
497,"Bridlington, East Riding of Yorkshire, England, UK",1954-1-1,Mark Herman,8 ,"Nominated for
        2
        BAFTA Film Awards.",61.8918548939
498,"Richmond, California, USA",1949-4-11,Carl Franklin,25,"Nominated for
        1
        Primetime Emmy.",66.6173853525
499,"Worcester, Massachusetts, USA",1912-8-12,Samuel Fuller,32,7 wins & 4 nominations.,103.279945243
500,"Madrid, Spain",1976-12-8,Jorge Dorado,12,2 wins & 4 nominations.,38.9568788501
501,"Los Angeles, California, USA",1896-12-5,Stuart Heisler,41,0,118.962354552
502,"Melun, Seine-et-Marne, France",1945-8-28,Bruno Nuytten,5 ,"Won
        1
        BAFTA Film Award.",70.2368240931
503,"Louisville, Kentucky, USA",1965-5-6,Stephen Gaghan,5 ,"Won
        1
        Oscar.",50.5489390828
504,"Chiyoda, Tokyo, Japan",1927-1-28,Hiroshi Teshigahara,21,"Nominated for
        1
        Oscar.",88.8186173854
505,"Savonlinna, Finland",1943-7-10,Tuija-Maija Niskanen,21,0,72.372347707
506,"The Bronx, New York City, New York, USA",1951-8-8,Martin Brest,9 ,"Nominated for
        2
        Oscars.",64.2929500342
507,"Broxburn, West Lothian, Scotland, UK",1957-10-15,Michael Caton-Jones,15,4 nominations.,58.1054072553
508,"Delaware, USA",1893-10-18,Roy Del Ruth,11,1 win & 2 nominations.,122.094455852
509,"Hong Kong, China",1950-1-1,Ronny Yu,21,4 wins & 4 nominations.,65.8918548939
510,"Providence, Rhode Island, USA",1985-1-19,Damien Chazelle,4 ,"Nominated for
        1
        Oscar.",30.841889117
511,"Whitehall, New York, USA",1915-9-22,Vincent J. Donehue,19,3 nominations.,100.169746749
512,"Chicago, Illinois, USA",1913-8-13,Melvin Frank,17,"Nominated for
        5
        Oscars.",102.277891855
513,"Bekesbourne, Kent, England, UK",1905-9-30,Michael Powell,60,"Nominated for
        1
        Oscar.",110.146475017
514,"Paris, France",1937-10-30,Claude Lelouch,59,"Won
        1
        Oscar.",78.0643394935
515,"Yorkville, Manhattan, New York City, New York, USA",1948-3-14,Billy Crystal,7 ,"Nominated for
        3
        Golden Globes.",67.6933607118
516,"Flushing, Queens, New York City, New York, USA",1952-1-28,Richard Glatzer,5 ,7 wins & 4 nominations.,63.819301848
517,"Columbus, Georgia, USA",1897-12-5,Nunnally Johnson,8 ,"Nominated for
        2
        Oscars.",117.963039014
518,"Newark, New Jersey, USA",1940-9-11,Brian De Palma,39,10 wins & 21 nominations.,75.1978097194
519,"Luton, Bedfordshire, England, UK",1939-8-25,John Badham,64,"Nominated for
        2
        Primetime Emmys.",76.2464065708
520,"Metz, Moselle, France",1948-4-18,Régis Wargnier,12,"Nominated for
        1
        BAFTA Film Award.",67.5975359343
521,"Philadelphia, Pennsylvania, USA",1914-3-7,Morton DaCosta,4 ,"Nominated for
        1
        Oscar.",101.713894593
522,"Copenhagen, Denmark",1956-4-30,Lars von Trier,35,"Nominated for
        1
        Oscar.",59.5646817248
523,"San Jose, California, USA",1889-12-4,Lloyd Bacon,13,1 win & 2 nominations.,125.965776865
524,"Austin, Texas, USA",1960-3-18,Steve Kloves,2 ,"Nominated for
        1
        Oscar.",55.6824093087
525,"Los Angeles County, California, USA",1968-8-13,Joshua Marston,16,27 wins & 15 nominations.,47.2772073922
526,"Lidingö, Stockholms län, Sweden",1965-4-1,Tomas Alfredson,25,"Nominated for
        1
        BAFTA Film Award.",50.6447638604
527,"Harrisburg, Pennsylvania, USA",1967-9-8,Kimberly Peirce,9 ,15 wins & 13 nominations.,48.2080766598
528,"Wellington, New Zealand",1967-1-1,Andrew Dominik,4 ,7 wins & 10 nominations.,48.8925393566
529,"New York City, New York, USA",1938-5-22,Richard Benjamin,22,"Won
        1
        Golden Globe.",77.5058179329
530,"Louisville, Kentucky, USA",1887-11-23,Hobart Henley,57,0,127.997262149
531,"New York City, New York, USA",1932-1-1,Lewis John Carlino,3 ,"Nominated for
        1
        Oscar.",83.8932238193
532,"London, England, UK",1944-9-22,Brian Gibson,16,"Won
        1
        Primetime Emmy.",71.1676933607
